# File generated by ImageToStl.com - Free Image and 3D model conversion tools

mtllib scene.mtl

o obj1
v 195.64030457 141.31250366 -248.19868662
v 195.64030457 126.10350382 -226.90628369
v 195.64030457 141.31250293 -226.90628317
v 195.64030457 20.04296629 -226.90628732
v 195.64030457 7.77E-06 -226.90628801
v 195.64030457 8.5E-06 -248.19869146
vn -1 0 0
vt 0.00957 0.00107
vt 0.98423 0.10842
vt 0.98423 0.00107
vt 0.98423 0.85706
vt 0.98423 0.99853
vt 0.00957 0.99853
usemtl mat7
f 1/1/1 2/2/1 3/3/1
f 2/2/1 1/1/1 4/4/1
f 4/4/1 1/1/1 5/5/1
f 5/5/1 1/1/1 6/6/1
# Vertices: 6, normals: 1, texture coordinates: 6, faces: 4

o obj2
v 195.64030457 141.31250017 -146.15628594
v 195.64030457 78.39924006 -121.51119311
v 195.64030457 141.31249932 -121.51119096
v 195.64030457 71.56093005 -121.51119334
v 195.64030457 49.40782412 -121.5111941
v 195.64030457 42.74989207 -121.51119433
v 195.64030457 4.16E-06 -121.51119579
v 195.64030457 5E-06 -146.15629077
v 195.64030457 42.74989204 -120.51119436
v 195.64030457 49.40782409 -120.51119414
v 195.64030457 71.56093002 -120.51119338
v 195.64030457 78.39924003 -120.51119314
vn -1 0 0
vt 0.01124 0.00107
vt 0.9522 0.44514
vt 0.9522 0.00107
vt 0.9522 0.49341
vt 0.9522 0.64978
vt 0.9522 0.69677
vt 0.9522 0.99852
vt 0.01124 0.99852
vt 0.99038 0.69677
vt 0.99038 0.64978
vt 0.99038 0.49341
vt 0.99038 0.44514
usemtl mat8
f 7/7/2 8/8/2 9/9/2
f 8/8/2 7/7/2 10/10/2
f 10/10/2 7/7/2 11/11/2
f 11/11/2 7/7/2 12/12/2
f 12/12/2 7/7/2 13/13/2
f 13/13/2 7/7/2 14/14/2
f 11/11/2 15/15/2 16/16/2
f 15/15/2 11/11/2 12/12/2
f 8/8/2 17/17/2 18/18/2
f 17/17/2 8/8/2 10/10/2
# Vertices: 12, normals: 1, texture coordinates: 12, faces: 10

o obj3
v 195.64030457 20.04296475 -181.93839336
v 195.64030457 5E-06 -146.15629077
v 195.64030457 20.04296353 -146.15629009
v 195.64030457 7.77E-06 -226.90628801
v 195.64030457 20.04296519 -194.69019346
v 195.64030457 20.04296629 -226.90628732
vn -1 0 0
vt 0.55711 0.01595
vt 0.99811 0.98859
vt 0.99811 0.01595
vt 0.0029 0.98859
vt 0.39995 0.01595
vt 0.0029 0.01595
usemtl mat9
f 19/19/3 20/20/3 21/21/3
f 20/20/3 19/19/3 22/22/3
f 22/22/3 19/19/3 23/23/3
f 22/22/3 23/23/3 24/24/3
# Vertices: 6, normals: 1, texture coordinates: 6, faces: 4

o obj4
v 195.64030457 141.31250293 -226.90628317
v 195.64030457 126.10350105 -146.15628646
v 195.64030457 141.31250017 -146.15628594
v 195.64030457 126.10350228 -181.93838972
v 195.64030457 126.10350271 -194.69018983
v 195.64030457 126.10350382 -226.90628369
vn -1 0 0
vt 0.0029 0.01164
vt 0.99809 0.97886
vt 0.99809 0.01164
vt 0.5571 0.97886
vt 0.39994 0.97886
vt 0.0029 0.97886
usemtl mat10
f 25/25/4 26/26/4 27/27/4
f 26/26/4 25/25/4 28/28/4
f 28/28/4 25/25/4 29/29/4
f 29/29/4 25/25/4 30/30/4
# Vertices: 6, normals: 1, texture coordinates: 6, faces: 4

o obj5
v 197.70280457 126.10350382 -226.90628369
v 197.70280457 20.04296519 -194.69019346
v 197.70280457 126.10350271 -194.69018983
v 197.70280457 20.04296629 -226.90628732
vn -1 0 0
vt 0.00229 0.00083
vt 0.99825 0.9993
vt 0.99825 0.00083
vt 0.00229 0.9993
usemtl mat11
f 31/31/5 32/32/5 33/33/5
f 32/32/5 31/31/5 34/34/5
# Vertices: 4, normals: 1, texture coordinates: 4, faces: 2

o obj6
v 211.43569946 8.41E-06 -245.82369154
v 321.41870117 141.31250358 -245.8236867
v 321.41870117 8.41E-06 -245.82369154
v 211.43569946 141.31250358 -245.8236867
vn 0 1 0
vt -1.9979 0.99786
vt -2.99519 -2E-05
vt -2.99519 0.99786
vt -1.9979 -2E-05
usemtl mat12
f 35/35/6 36/36/6 37/37/6
f 36/36/6 35/35/6 38/38/6
# Vertices: 4, normals: 1, texture coordinates: 4, faces: 2

o obj7
v 336.95278931 16.75574349 -141.71000129
v 339.89028931 123.14080111 -141.70999765
v 339.89028931 16.75574349 -141.71000129
v 336.95278931 123.14080111 -141.70999765
v 336.95278931 16.75574461 -174.41449846
v 336.95278931 123.14080111 -141.70999765
v 336.95278931 16.75574349 -141.71000129
v 336.95278931 123.14080223 -174.41449482
v 339.89028931 123.14080223 -174.41449482
v 336.95278931 16.75574461 -174.41449846
v 339.89028931 16.75574461 -174.41449846
v 336.95278931 123.14080223 -174.41449482
v 339.89028931 16.75574505 -187.45018832
v 339.89028931 123.14080223 -174.41449482
v 339.89028931 16.75574461 -174.41449846
v 339.89028931 123.14080268 -187.45018468
v 336.95278931 16.75574505 -187.45018832
v 339.89028931 123.14080268 -187.45018468
v 339.89028931 16.75574505 -187.45018832
v 336.95278931 123.14080268 -187.45018468
v 336.95278931 16.75574619 -220.51499127
v 336.95278931 123.14080268 -187.45018468
v 336.95278931 16.75574505 -187.45018832
v 336.95278931 123.14080381 -220.51498763
vn -0 1 0
vn 1 0 -0
vn 0 -1 -0
vn 1 0 -0
vn -0 1 0
vn 1 0 -0
vt -4.39349 1.00744
vt -4.42979 0.0059
vt -4.42979 1.00744
vt -4.39349 0.0059
vt 1.92587 1.00744
vt 1.52172 0.0059
vt 1.52172 1.00744
vt 1.92587 0.0059
vt 3.97079 0.0059
vt 3.93448 1.00744
vt 3.97079 1.00744
vt 3.93448 0.0059
vt 2.08697 1.00744
vt 2.08697 0.0059
vt 2.49557 1.00744
vt 2.49557 0.0059
usemtl mat14
f 39/39/7 40/40/7 41/41/7
f 40/40/7 39/39/7 42/42/7
f 43/43/8 44/44/8 45/45/8
f 44/44/8 43/43/8 46/46/8
f 47/47/9 48/48/9 49/49/9
f 48/48/9 47/47/9 50/50/9
f 51/51/10 52/46/10 53/43/10
f 52/46/10 51/51/10 54/52/10
f 55/39/11 56/40/11 57/41/11
f 56/40/11 55/39/11 58/42/11
f 59/53/12 60/52/12 61/51/12
f 60/52/12 59/53/12 62/54/12
# Vertices: 24, normals: 6, texture coordinates: 16, faces: 12

o obj8
v 197.70280457 126.10350228 -181.93838972
v 197.70280457 20.04296353 -146.15629009
v 197.70280457 126.10350105 -146.15628646
v 197.70280457 20.04296475 -181.93839336
vn -1 0 0
vt 0.00206 0.00082
vt 0.99818 0.9993
vt 0.99818 0.00082
vt 0.00206 0.9993
usemtl mat15
f 63/55/13 64/56/13 65/57/13
f 64/56/13 63/55/13 66/58/13
# Vertices: 4, normals: 1, texture coordinates: 4, faces: 2

o obj9
v 195.64030457 126.10350271 -194.69018983
v 195.64030457 20.04296475 -181.93839336
v 195.64030457 126.10350228 -181.93838972
v 195.64030457 20.04296519 -194.69019346
vn -1 0 0
vt 0.00576 0.00083
vt 0.99587 0.9993
vt 0.99587 0.00083
vt 0.00576 0.9993
usemtl mat16
f 67/59/14 68/60/14 69/61/14
f 68/60/14 67/59/14 70/62/14
# Vertices: 4, normals: 1, texture coordinates: 4, faces: 2

o obj10
v 339.89028931 8.5E-06 -248.19869146
v 321.41870117 8.41E-06 -245.82369154
v 321.41870117 8.5E-06 -248.19869146
v 339.89028931 7.55E-06 -220.51499184
v 339.89028931 4.85E-06 -141.71000186
v 211.43569946 8.5E-06 -248.19869146
v 195.64030457 7.77E-06 -226.90628801
v 195.64030457 8.5E-06 -248.19869146
v 195.64030457 5E-06 -146.15629077
v 195.64030457 4.16E-06 -121.51119579
v 204.41160583 4.16E-06 -121.51119579
v 211.43569946 8.41E-06 -245.82369154
v 246.2250061 4.16E-06 -121.51119579
v 254.70550537 4.16E-06 -121.51119579
v 296.51889038 4.16E-06 -121.51119579
v 305.92730713 4.17E-06 -121.82369578
v 339.89028931 4.17E-06 -121.82369578
v 305.92730713 4.16E-06 -121.51119579
v 311.72061157 35.29054175 -121.82369457
v 311.72061157 35.22040473 -121.82369458
v 311.84179688 35.22040473 -121.82369458
v 304.8895874 49.43073138 -121.5111941
v 304.87240601 49.41210421 -121.5111941
v 305.28659058 49.43073138 -121.5111941
v 304.87240601 49.4121042 -121.1327914
v 304.60250854 49.39995057 -120.88619412
v 304.19219971 71.6200502 -120.51119337
v 304.19198608 49.38148361 -120.51119414
v 305.28659058 60.2553236 -121.51119373
v 305.28659058 71.62005023 -121.51119334
v 304.19198608 49.38148362 -120.88619412
v 334.76611328 45.9496524 -121.51119422
v 332.69830322 45.60515091 -121.51119423
v 332.85949707 45.60515091 -121.51119423
v 332.69830322 47.48267236 -121.51119417
v 334.7130127 49.47690066 -121.5111941
v 333.33380127 48.70203267 -121.51119413
v 333.33380127 49.13953266 -121.51119411
v 332.71279907 49.43035372 -121.51139246
vn 0 -0 -1
vn 0 -1 0
vn -0.04495 0 0.99899
vn 0.67452 -0.73825 -0
vn -0.04495 -0 0.99899
vn -2E-05 -1 2E-05
usemtl mat0
f 71//15 72//15 73//15
f 72//15 71//15 74//15
f 72//15 74//15 75//15
f 76//15 77//15 78//15
f 77//15 76//15 79//15
f 79//15 76//15 80//15
f 80//15 76//15 81//15
f 81//15 76//15 82//15
f 81//15 82//15 83//15
f 83//15 82//15 72//15
f 83//15 72//15 84//15
f 84//15 72//15 85//15
f 85//15 72//15 86//15
f 86//15 72//15 87//15
f 87//15 72//15 75//15
f 88//15 85//15 86//15
f 89//16 90//16 91//16
f 92//16 93//16 94//16
f 94//17 93//17 95//17
f 96//18 97//18 98//18
f 97//18 96//18 95//18
f 97//18 95//18 94//18
f 97//18 94//18 99//18
f 97//18 99//18 100//18
f 96//18 97//18 98//18
f 97//18 96//18 95//18
f 97//18 95//18 94//18
f 97//18 94//18 99//18
f 97//18 99//18 100//18
f 96//19 101//19 98//19
f 102//20 103//20 104//20
f 103//20 102//20 105//20
f 105//20 102//20 106//20
f 105//20 106//20 107//20
f 107//20 106//20 108//20
f 108//20 106//20 109//20
# Vertices: 39, normals: 6, texture coordinates: 0, faces: 36

o obj11
v 245.81750488 28.03502458 -137.51119428
v 205.61210632 27.89109415 -137.51119429
v 245.81750488 27.59752459 -137.5111943
v 205.61210632 29.70359408 -137.51119423
v 245.58770752 28.24675362 -137.51119428
v 245.58770752 30.30925355 -137.51119421
v 204.81440735 30.19617448 -137.51119421
v 204.81440735 33.94617435 -137.51119408
v 246.11669922 30.6420935 -137.5111942
v 245.99659729 33.13921332 -137.51119411
v 245.59489441 36.11219372 -137.51119401
v 205.16319275 35.72480359 -137.51119402
v 206.30310059 38.96778444 -137.51119391
v 244.59910583 39.07428315 -137.51119391
v 207.605896 41.67016167 -137.51119382
v 243.58909607 41.36120172 -137.51119383
v 242.16200256 43.5643419 -137.51119375
v 209.48710632 44.47221312 -137.51119372
v 240.28559875 45.74261407 -137.51119368
v 211.33030701 46.25240257 -137.51119366
v 238.15150452 47.5744736 -137.51119362
v 213.44999695 47.90459367 -137.5111936
v 235.7928009 49.21832196 -137.51119356
v 215.55949402 49.24627225 -137.51119356
v 232.84840393 50.59410393 -137.51119351
v 218.17619324 50.43713295 -137.51119352
v 221.57200623 51.51414403 -137.51119348
v 230.21730042 51.39403447 -137.51119349
v 227.12030029 51.81170185 -137.51119347
v 224.68280029 51.81170185 -137.51119347
v 246.2250061 8.81521761 -137.51119494
v 204.41160583 2.80589255 -137.51119515
v 246.2250061 2.80589255 -137.51119515
v 204.41160583 15.06250419 -137.51119473
v 246.39379883 16.37583384 -137.51119468
v 203.78269958 26.35751342 -137.51119434
v 246.50430298 20.18673345 -137.51119455
v 246.79859924 26.55493353 -137.51119434
v 204.10769653 26.65037344 -137.51119433
v 246.74850464 26.59230421 -137.51119433
v 246.39790344 26.85391423 -137.51119433
v 204.10769653 26.90037343 -137.51119432
v 246.39790344 27.22891422 -137.51119431
v 204.11199951 26.94556424 -137.51119432
v 204.26820374 27.2162437 -137.51119431
v 204.60740662 27.45037456 -137.5111943
v 204.84350586 27.89109415 -137.51119429
v 204.41160583 0.83747392 -127.82399309
v 204.41160583 15.06250364 -121.51119528
v 204.41160583 4.16E-06 -121.51119579
v 204.41160583 15.06250419 -137.51119473
v 204.41160583 1.81505862 -135.19298847
v 204.41160583 2.80589255 -137.51119515
v 246.2250061 8.81521761 -137.51119494
v 246.2250061 0.83747392 -127.82399309
v 246.2250061 8.81521728 -127.82399282
v 246.2250061 1.81505862 -135.19298847
v 246.2250061 2.80589255 -137.51119515
v 246.39379883 16.37583384 -137.51119468
v 246.2250061 8.81521728 -127.82399282
v 246.39379883 16.37583351 -127.82399256
v 246.2250061 8.81521761 -137.51119494
v 246.50430298 20.18673345 -137.51119455
v 246.39379883 16.37583351 -127.82399256
v 246.50430298 20.18673312 -127.82399243
v 246.39379883 16.37583384 -137.51119468
v 246.79859924 26.55493321 -127.98609395
v 246.50430298 20.18673345 -137.51119455
v 246.50430298 20.18673312 -127.82399243
v 246.79859924 26.55493353 -137.51119434
v 246.79859924 26.55493353 -137.51119434
v 246.74850464 26.59230389 -127.98609395
v 246.74850464 26.59230421 -137.51119433
v 246.79859924 26.55493321 -127.98609395
v 245.81750488 28.03502458 -137.51119428
v 245.58770752 28.24675329 -127.82399216
v 245.58770752 28.24675362 -137.51119428
v 245.81750488 28.03502424 -127.82399216
v 246.11669922 30.64209317 -127.82399207
v 245.58770752 30.30925355 -137.51119421
v 245.58770752 30.30925322 -127.82399208
v 246.11669922 30.6420935 -137.5111942
v 205.61210632 29.70359376 -128.20939096
v 204.81440735 30.19617448 -137.51119421
v 204.81440735 30.19617416 -128.20939094
v 205.61210632 29.70359408 -137.51119423
v 204.41160583 15.06250419 -137.51119473
v 203.78269958 26.35751287 -121.51119489
v 204.41160583 15.06250364 -121.51119528
v 203.78269958 26.3575131 -128.20939107
v 203.78269958 26.35751342 -137.51119434
v 305.92730713 6.06250395 -121.51119558
v 304.67730713 3.18750405 -121.51119568
v 305.92730713 3.18750405 -121.51119568
v 305.92730713 11.93750375 -121.51119538
v 304.55230713 9.12500385 -121.51119548
v 305.92730713 9.12500385 -121.51119548
v 305.92730713 23.50000335 -121.51119499
v 304.48980713 20.56250346 -121.51119509
v 305.92730713 20.56250346 -121.51119509
v 205.61210632 29.70359354 -121.51119478
v 204.84350586 27.8910936 -121.51119484
v 205.61210632 27.8910936 -121.51119484
v 305.92730713 17.75000355 -121.51119518
v 304.55230713 14.93750365 -121.51119528
v 305.92730713 14.93750365 -121.51119528
v 296.68780518 16.3758333 -121.51119523
v 304.48980713 17.75000355 -121.51119518
v 296.79830933 20.1867329 -121.5111951
v 297.09259033 26.55493298 -121.51119488
v 304.36480713 23.50000335 -121.51119499
v 304.36480713 26.62500325 -121.51119488
v 297.04251099 26.59230366 -121.51119488
v 296.69180298 26.85391369 -121.51119487
v 305.92730713 1.43750411 -121.51119574
v 296.51889038 4.16E-06 -121.51119579
v 305.92730713 4.16E-06 -121.51119579
v 304.67730713 1.43750411 -121.51119574
v 296.51889038 8.81521706 -121.51119549
v 304.55230713 6.06250395 -121.51119558
v 304.55230713 11.93750375 -121.51119538
v 306.78659058 28.15906272 -121.51119483
v 306.48980713 26.62500325 -121.51119488
v 296.69180298 27.22891367 -121.51119486
v 296.11151123 27.59752404 -121.51119485
v 296.11151123 28.03502403 -121.51119483
v 295.88171387 28.24675307 -121.51119483
v 306.78659058 30.22156265 -121.51119476
v 295.88171387 30.309253 -121.51119475
v 306.35861206 30.48015334 -121.51119475
v 305.10949707 30.48015334 -121.51119475
v 296.41070557 30.64209295 -121.51119474
v 305.10949707 42.73254283 -121.51119433
v 296.29058838 33.13921277 -121.51119466
v 295.8888855 36.11219317 -121.51119456
v 294.89309692 39.07428261 -121.51119445
v 293.88308716 41.36120117 -121.51119438
v 304.19198608 42.69398387 -121.51119433
v 302.94198608 42.69398387 -121.51119433
v 292.4559021 43.56434135 -121.5111943
v 300.84140015 46.67364377 -121.51119419
v 290.57958984 45.74261352 -121.51119423
v 288.44549561 47.57447305 -121.51119416
v 296.35110474 52.60268256 -121.51119399
v 286.08679199 49.21832141 -121.51119411
v 283.14230347 50.59410338 -121.51119406
v 280.5112915 51.39403392 -121.51119403
v 277.41430664 51.8117013 -121.51119402
v 274.97680664 51.8117013 -121.51119402
v 263.74389648 47.90459313 -121.51119415
v 250.41400146 47.06253307 -121.51119418
v 261.6242981 46.25240202 -121.51119421
v 251.96310425 49.48450335 -121.5111941
v 265.85339355 49.2462717 -121.51119411
v 268.47021484 50.43713241 -121.51119407
v 254.82910156 52.62276313 -121.51119399
v 271.86599731 51.51414348 -121.51119403
v 292.03219604 56.49267038 -121.51119386
v 257.40368652 54.9004425 -121.51119391
v 260.76638794 57.17995292 -121.51119383
v 286.56048584 59.24511169 -121.51119376
v 265.34210205 59.19567321 -121.51119377
v 269.99060059 60.44110316 -121.51119372
v 281.15609741 60.56182307 -121.51119372
v 272.10360718 61.0072004 -121.5111937
v 279.68270874 61.08199136 -121.5111937
v 274.27459717 62.36856282 -121.51119366
v 278.16918945 61.9604627 -121.51119367
v 277.25738525 62.81562243 -121.51119364
v 275.31838989 63.61400039 -121.51119361
v 276.58898926 63.79710204 -121.51119361
v 275.55459595 64.25964551 -121.51119359
v 276.09899902 65.08183482 -121.51119356
v 275.85528564 65.08136179 -121.51119356
v 275.97570801 65.82163429 -121.51119354
v 254.70550537 15.06250364 -121.51119528
v 246.2250061 4.16E-06 -121.51119579
v 254.70550537 4.16E-06 -121.51119579
v 246.2250061 8.81521706 -121.51119549
v 246.39379883 16.3758333 -121.51119523
v 254.07670593 26.35751287 -121.51119489
v 246.50430298 20.1867329 -121.5111951
v 246.79859924 26.55493298 -121.51119488
v 254.40170288 26.65037289 -121.51119488
v 246.74850464 26.59230366 -121.51119488
v 246.39790344 26.85391369 -121.51119487
v 254.40170288 26.90037288 -121.51119487
v 246.39790344 27.22891367 -121.51119486
v 254.40600586 26.94556369 -121.51119487
v 254.56210327 27.21624316 -121.51119486
v 254.90130615 27.45037401 -121.51119485
v 245.81750488 27.59752404 -121.51119485
v 255.13749695 27.8910936 -121.51119484
v 245.81750488 28.03502403 -121.51119483
v 255.33099365 28.0219625 -121.51119483
v 255.33099365 30.14696243 -121.51119476
v 245.58770752 28.24675307 -121.51119483
v 245.58770752 30.309253 -121.51119475
v 254.80119324 30.58518339 -121.51119475
v 246.11669922 30.64209295 -121.51119474
v 255.10839844 33.9461738 -121.51119463
v 245.99659729 33.13921277 -121.51119466
v 245.59489441 36.11219317 -121.51119456
v 255.4571991 35.72480305 -121.51119457
v 256.59710693 38.96778389 -121.51119446
v 244.59910583 39.07428261 -121.51119445
v 257.89981079 41.67016112 -121.51119437
v 243.58909607 41.36120117 -121.51119438
v 242.16200256 43.56434135 -121.5111943
v 259.78109741 44.47221257 -121.51119427
v 240.28559875 45.74261352 -121.51119423
v 238.15150452 47.57447305 -121.51119416
v 248.70150757 49.37182101 -121.5111941
v 235.7928009 49.21832141 -121.51119411
v 232.84840393 50.59410338 -121.51119406
v 245.79089355 52.55396125 -121.51119399
v 230.21730042 51.39403392 -121.51119403
v 227.12030029 51.8117013 -121.51119402
v 224.68280029 51.8117013 -121.51119402
v 209.48710632 44.47221257 -121.51119427
v 197.53140259 42.74989207 -121.51119433
v 207.605896 41.67016112 -121.51119437
v 199.42170715 46.41627378 -121.5111942
v 211.33030701 46.25240202 -121.51119421
v 213.44999695 47.90459313 -121.51119415
v 201.01980591 49.02873097 -121.51119411
v 215.55949402 49.2462717 -121.51119411
v 203.18479919 51.53588344 -121.51119403
v 218.17619324 50.43713241 -121.51119407
v 221.57200623 51.51414348 -121.51119403
v 205.20530701 53.40135045 -121.51119396
v 241.75950623 56.10910258 -121.51119387
v 207.98109436 55.53321301 -121.51119389
v 210.92179871 57.3133338 -121.51119383
v 235.64720154 59.25631164 -121.51119376
v 214.46260071 59.1741011 -121.51119377
v 217.35870361 60.16996212 -121.51119373
v 230.87229919 60.5131132 -121.51119372
v 220.35850525 60.78654306 -121.51119371
v 228.09199524 61.24492089 -121.5111937
v 222.02220154 61.50580039 -121.51119369
v 227.19749451 61.6919805 -121.51119368
v 223.10940552 62.34749043 -121.51119366
v 226.10949707 62.63142215 -121.51119365
v 223.92199707 63.29738053 -121.51119363
v 225.32339478 63.60337265 -121.51119361
v 224.52839661 64.60070233 -121.51119358
v 224.87530518 64.90329173 -121.51119357
v 224.74530029 65.83174324 -121.51119354
v 204.41160583 15.06250364 -121.51119528
v 195.64030457 4.16E-06 -121.51119579
v 204.41160583 4.16E-06 -121.51119579
v 195.64030457 42.74989207 -121.51119433
v 203.78269958 26.35751287 -121.51119489
v 204.10769653 26.65037289 -121.51119488
v 204.10769653 26.90037288 -121.51119487
v 204.11199951 26.94556369 -121.51119487
v 204.26820374 27.21624316 -121.51119486
v 204.60740662 27.45037401 -121.51119485
v 204.81440735 30.19617393 -121.51119476
v 204.81440735 33.9461738 -121.51119463
v 205.16319275 35.72480305 -121.51119457
v 206.30310059 38.96778389 -121.51119446
v 246.2250061 8.81521728 -127.82399282
v 246.2250061 4.16E-06 -121.51119579
v 246.2250061 8.81521706 -121.51119549
v 246.2250061 0.83747392 -127.82399309
v 246.39379883 16.37583351 -127.82399256
v 246.2250061 8.81521706 -121.51119549
v 246.39379883 16.3758333 -121.51119523
v 246.2250061 8.81521728 -127.82399282
v 246.50430298 20.18673312 -127.82399243
v 246.39379883 16.3758333 -121.51119523
v 246.50430298 20.1867329 -121.5111951
v 246.39379883 16.37583351 -127.82399256
v 246.79859924 26.55493321 -127.98609395
v 246.50430298 20.1867329 -121.5111951
v 246.79859924 26.55493298 -121.51119488
v 246.50430298 20.18673312 -127.82399243
v 246.79859924 26.55493321 -127.98609395
v 246.74850464 26.59230366 -121.51119488
v 246.74850464 26.59230389 -127.98609395
v 246.79859924 26.55493298 -121.51119488
v 245.81750488 28.03502424 -127.82399216
v 245.58770752 28.24675307 -121.51119483
v 245.58770752 28.24675329 -127.82399216
v 245.81750488 28.03502403 -121.51119483
v 246.11669922 30.64209295 -121.51119474
v 245.58770752 30.30925322 -127.82399208
v 245.58770752 30.309253 -121.51119475
v 246.11669922 30.64209317 -127.82399207
v 245.58770752 30.30925322 -127.82399208
v 245.58770752 28.24675307 -121.51119483
v 245.58770752 30.309253 -121.51119475
v 245.58770752 28.24675329 -127.82399216
v 245.81750488 28.03502424 -127.82399216
v 245.81750488 27.59752404 -121.51119485
v 245.81750488 28.03502403 -121.51119483
v 245.81750488 27.59752426 -127.82399218
v 246.39790344 27.22891389 -127.98609393
v 245.81750488 27.59752404 -121.51119485
v 245.81750488 27.59752426 -127.82399218
v 246.39790344 27.22891367 -121.51119486
v 246.39790344 27.22891389 -127.98609393
v 246.39790344 26.85391369 -121.51119487
v 246.39790344 27.22891367 -121.51119486
v 246.39790344 26.85391391 -127.98609394
v 246.74850464 26.59230389 -127.98609395
v 246.39790344 26.85391369 -121.51119487
v 246.39790344 26.85391391 -127.98609394
v 246.74850464 26.59230366 -121.51119488
v 254.70550537 1.39943055 -134.85009299
v 254.70550537 15.06250364 -121.51119528
v 254.70550537 4.16E-06 -121.51119579
v 254.70550537 15.06250419 -137.51119473
v 254.70550537 2.38934073 -137.51119516
v 254.70550537 15.06250419 -137.51119473
v 254.07670593 26.35751287 -121.51119489
v 254.70550537 15.06250364 -121.51119528
v 254.07670593 26.3575131 -128.14489217
v 254.07670593 26.35751342 -137.51119434
v 296.41070557 30.64209295 -121.51119474
v 295.88171387 30.30925322 -128.01468879
v 295.88171387 30.309253 -121.51119475
v 296.41070557 30.64209318 -128.01468878
v 295.88171387 30.30925322 -128.01468879
v 295.88171387 28.24675307 -121.51119483
v 295.88171387 30.309253 -121.51119475
v 295.88171387 28.24675329 -128.01468887
v 297.09259033 26.55493321 -128.01468892
v 296.79830933 20.1867329 -121.5111951
v 297.09259033 26.55493298 -121.51119488
v 296.79830933 20.18673345 -137.51119455
v 297.09259033 26.55493353 -137.51119434
v 296.79830933 20.18673345 -137.51119455
v 296.68780518 16.3758333 -121.51119523
v 296.79830933 20.1867329 -121.5111951
v 296.68780518 16.37583384 -137.51119468
v 296.68780518 16.37583384 -137.51119468
v 296.51889038 8.81521706 -121.51119549
v 296.68780518 16.3758333 -121.51119523
v 296.51889038 8.81521761 -137.51119494
v 296.51889038 8.81521761 -137.51119494
v 296.51889038 4.16E-06 -121.51119579
v 296.51889038 8.81521706 -121.51119549
v 296.51889038 1.39943055 -134.85009299
v 296.51889038 2.38934073 -137.51119516
v 296.51889038 8.81521761 -137.51119494
v 254.70550537 2.38934073 -137.51119516
v 296.51889038 2.38934073 -137.51119516
v 254.70550537 15.06250419 -137.51119473
v 296.68780518 16.37583384 -137.51119468
v 254.07670593 26.35751342 -137.51119434
v 296.79830933 20.18673345 -137.51119455
v 297.09259033 26.55493353 -137.51119434
v 254.40170288 26.65037344 -137.51119433
v 297.04251099 26.59230421 -137.51119433
v 296.69180298 26.85391423 -137.51119433
v 254.40170288 26.90037343 -137.51119432
v 296.69180298 27.22891422 -137.51119431
v 254.40600586 26.94556424 -137.51119432
v 254.56210327 27.2162437 -137.51119431
v 254.90130615 27.45037456 -137.5111943
v 296.11151123 27.59752459 -137.5111943
v 255.13749695 27.89109415 -137.51119429
v 296.11151123 28.03502458 -137.51119428
v 255.33099365 28.02196305 -137.51119429
v 255.33099365 30.14696298 -137.51119421
v 295.88171387 28.24675362 -137.51119428
v 295.88171387 30.30925355 -137.51119421
v 254.80119324 30.58518394 -137.5111942
v 296.41070557 30.6420935 -137.5111942
v 255.10839844 33.94617435 -137.51119408
v 296.29058838 33.13921332 -137.51119411
v 295.8888855 36.11219372 -137.51119401
v 255.4571991 35.72480359 -137.51119402
v 256.59710693 38.96778444 -137.51119391
v 294.89309692 39.07428315 -137.51119391
v 257.89981079 41.67016167 -137.51119382
v 293.88308716 41.36120172 -137.51119383
v 292.4559021 43.5643419 -137.51119375
v 259.78109741 44.47221312 -137.51119372
v 290.57958984 45.74261407 -137.51119368
v 261.6242981 46.25240257 -137.51119366
v 288.44549561 47.5744736 -137.51119362
v 263.74389648 47.90459367 -137.5111936
v 286.08679199 49.21832196 -137.51119356
v 265.85339355 49.24627225 -137.51119356
v 283.14230347 50.59410393 -137.51119351
v 268.47021484 50.43713295 -137.51119352
v 271.86599731 51.51414403 -137.51119348
v 280.5112915 51.39403447 -137.51119349
v 277.41430664 51.81170185 -137.51119347
v 274.97680664 51.81170185 -137.51119347
v 295.88171387 30.30925355 -137.51119421
v 295.88171387 28.24675329 -128.01468887
v 295.88171387 30.30925322 -128.01468879
v 295.88171387 28.24675362 -137.51119428
v 254.40170288 26.90037343 -137.51119432
v 254.40600586 26.94556392 -128.17840045
v 254.40170288 26.90037311 -128.14489215
v 254.40600586 26.94556424 -137.51119432
v 201.22540283 51.82815409 -121.51119402
v 195.64030457 49.40782412 -121.5111941
v 199.45280457 49.40782412 -121.5111941
v 195.64030457 71.56093005 -121.51119334
v 204.39630127 55.02117385 -121.51119391
v 208.20829773 57.74909047 -121.51119382
v 212.75630188 60.11139126 -121.51119373
v 216.271698 61.41710106 -121.51119369
v 219.88490295 62.15370381 -121.51119366
v 222.20050049 63.25110063 -121.51119363
v 223.38789368 64.78206829 -121.51119357
v 223.73550415 66.56093023 -121.51119351
v 223.73550415 71.56093005 -121.51119334
v 252.39089966 52.51814125 -121.51119399
v 249.78900146 50.65820174 -121.51119406
v 250.91400146 50.65820174 -121.51119406
v 247.15519714 53.83291095 -121.51119395
v 255.36079407 55.28998411 -121.5111939
v 243.07679749 57.13892203 -121.51119384
v 258.88180542 57.78012303 -121.51119381
v 240.29060364 58.93041062 -121.51119377
v 262.41629028 59.78278181 -121.51119375
v 236.70039368 60.54744166 -121.51119372
v 265.85571289 61.11267297 -121.5111937
v 233.71749878 61.47905174 -121.51119369
v 271.6321106 62.48648273 -121.51119365
v 229.93339539 62.31336033 -121.51119366
v 227.83790588 62.94120226 -121.51119364
v 273.06680298 63.10532198 -121.51119363
v 226.72590637 63.74986083 -121.51119361
v 274.08169556 64.0329991 -121.5111936
v 226.20610046 64.60415081 -121.51119358
v 274.70309448 65.18905069 -121.51119356
v 225.80209351 66.11351966 -121.51119353
v 274.91949463 66.73649022 -121.51119351
v 225.80209351 71.61351947 -121.51119334
v 274.91949463 71.61149005 -121.51119334
v 304.19198608 49.38148361 -120.51119414
v 302.94198608 42.69398383 -120.51119436
v 304.19198608 42.69398383 -120.51119436
v 300.84140015 46.67364373 -120.51119423
v 300.81698608 49.38148361 -120.51119414
v 296.35110474 52.60268253 -120.51119403
v 299.06509399 51.89345404 -120.51119405
v 295.85418701 55.39374384 -120.51119393
v 292.03219604 56.49267034 -120.51119389
v 292.73269653 57.79377198 -120.51119385
v 286.56048584 59.24511166 -120.5111938
v 289.8973999 59.38247127 -120.51119379
v 281.15609741 60.56182304 -120.51119375
v 286.88549805 60.76117148 -120.51119375
v 279.68270874 61.08199132 -120.51119374
v 284.0809021 61.63479053 -120.51119372
v 278.16918945 61.96046267 -120.51119371
v 281.44171143 62.14225206 -120.5111937
v 277.25738525 62.8156224 -120.51119368
v 279.74438477 62.56833084 -120.51119368
v 278.15948486 63.57021145 -120.51119365
v 276.58898926 63.79710201 -120.51119364
v 277.34008789 64.90059852 -120.5111936
v 276.09899902 65.08183478 -120.5111936
v 277.01449585 66.62005037 -120.51119355
v 275.97570801 65.82163426 -120.51119357
v 251.96310425 49.48450332 -120.51119413
v 248.70150757 49.37182098 -120.51119414
v 250.41400146 47.06253303 -120.51119422
v 245.79089355 52.55396122 -120.51119403
v 249.78900146 50.6582017 -120.51119409
v 250.91400146 50.6582017 -120.51119409
v 247.15519714 53.83291091 -120.51119398
v 241.75950623 56.10910255 -120.51119391
v 243.07679749 57.138922 -120.51119387
v 235.64720154 59.25631161 -120.5111938
v 240.29060364 58.93041059 -120.51119381
v 236.70039368 60.54744163 -120.51119375
v 230.87229919 60.51311317 -120.51119375
v 228.09199524 61.24492085 -120.51119373
v 233.71749878 61.4790517 -120.51119372
v 227.19749451 61.69198047 -120.51119371
v 229.93339539 62.3133603 -120.51119369
v 226.10949707 62.63142212 -120.51119368
v 227.83790588 62.94120223 -120.51119367
v 225.32339478 63.60337261 -120.51119365
v 226.72590637 63.7498608 -120.51119364
v 224.87530518 64.9032917 -120.5111936
v 226.20610046 64.60415078 -120.51119361
v 225.80209351 66.11351962 -120.51119356
v 224.74530029 65.8317432 -120.51119357
v 254.82910156 52.6227631 -120.51119403
v 252.39089966 52.51814121 -120.51119403
v 255.36079407 55.28998407 -120.51119393
v 257.40368652 54.90044246 -120.51119395
v 260.76638794 57.17995288 -120.51119387
v 258.88180542 57.780123 -120.51119385
v 265.34210205 59.19567318 -120.5111938
v 262.41629028 59.78278177 -120.51119378
v 269.99060059 60.44110313 -120.51119376
v 265.85571289 61.11267293 -120.51119373
v 272.10360718 61.00720037 -120.51119374
v 274.27459717 62.36856278 -120.51119369
v 271.6321106 62.4864827 -120.51119369
v 275.31838989 63.61400036 -120.51119365
v 273.06680298 63.10532194 -120.51119367
v 274.08169556 64.03299906 -120.51119363
v 275.55459595 64.25964548 -120.51119363
v 274.70309448 65.18905066 -120.51119359
v 275.85528564 65.08136176 -120.5111936
v 274.91949463 66.73649018 -120.51119354
v 277.01449585 71.6200502 -120.51119337
v 274.91949463 71.61149002 -120.51119338
v 225.80209351 71.61351943 -120.51119338
v 305.45199585 78.99504994 -120.51119312
v 303.20199585 73.99505012 -120.51119329
v 305.45199585 73.99505012 -120.51119329
v 303.20199585 78.99504994 -120.51119312
v 306.51449585 73.99505012 -120.51119329
v 304.19219971 71.6200502 -120.51119337
v 306.51449585 71.6200502 -120.51119337
v 197.45280457 73.58674019 -120.51119331
v 302.95199585 73.99505012 -120.51119329
v 203.18479919 51.5358834 -120.51119406
v 199.45280457 49.40782409 -120.51119414
v 201.01980591 49.02873093 -120.51119415
v 201.22540283 51.82815405 -120.51119405
v 205.20530701 53.40135041 -120.511194
v 204.39630127 55.02117381 -120.51119394
v 207.98109436 55.53321298 -120.51119393
v 208.20829773 57.74909044 -120.51119385
v 210.92179871 57.31333377 -120.51119386
v 214.46260071 59.17410107 -120.5111938
v 212.75630188 60.11139123 -120.51119377
v 217.35870361 60.16996209 -120.51119377
v 216.271698 61.41710102 -120.51119372
v 220.35850525 60.78654303 -120.51119375
v 222.02220154 61.50580036 -120.51119372
v 219.88490295 62.15370378 -120.5111937
v 223.10940552 62.34749039 -120.51119369
v 222.20050049 63.25110059 -120.51119366
v 223.92199707 63.2973805 -120.51119366
v 223.38789368 64.78206825 -120.51119361
v 224.52839661 64.60070229 -120.51119362
v 223.73550415 66.56093019 -120.51119355
v 223.73550415 71.56093002 -120.51119338
v 195.64030457 71.56093002 -120.51119338
v 195.64030457 78.39924003 -120.51119314
v 197.45280457 78.39924003 -120.51119314
v 199.42170715 46.41627375 -120.51119424
v 195.64030457 42.74989204 -120.51119436
v 197.53140259 42.74989204 -120.51119436
v 195.64030457 49.40782409 -120.51119414
v 306.51449585 71.62005023 -121.51119334
v 306.51449585 73.99505012 -120.51119329
v 306.51449585 71.6200502 -120.51119337
v 306.51449585 73.99505015 -121.51119326
v 311.81408691 105.75879723 -121.51119217
v 310.93908691 75.94236148 -121.51119319
v 311.81408691 75.94236148 -121.51119319
v 305.45199585 78.99504998 -121.51119309
v 303.20199585 78.99504998 -121.51119309
v 260.20849609 133.55990559 -121.51119122
v 255.08349609 130.32629364 -121.51119133
v 260.20849609 130.32629364 -121.51119133
v 255.08349609 133.55990559 -121.51119122
v 252.20849609 133.55990559 -121.51119122
v 246.77099609 130.32629364 -121.51119133
v 252.20849609 130.32629364 -121.51119133
v 246.77099609 133.55990559 -121.51119122
v 243.83349609 133.55990559 -121.51119122
v 238.58990479 130.32629364 -121.51119133
v 243.83349609 130.32629364 -121.51119133
v 238.58990479 133.55990559 -121.51119122
v 235.77740479 133.55990559 -121.51119122
v 230.40240479 130.32629364 -121.51119133
v 235.77740479 130.32629364 -121.51119133
v 230.40240479 133.55990559 -121.51119122
v 227.46490479 133.55990559 -121.51119122
v 222.40240479 130.32629364 -121.51119133
v 227.46490479 130.32629364 -121.51119133
v 222.40240479 133.55990559 -121.51119122
v 219.36749268 133.62660176 -121.51119122
v 214.36749268 130.32629364 -121.51119133
v 219.65240479 130.32629364 -121.51119133
v 214.36749268 133.62660176 -121.51119122
v 210.93139648 133.71769673 -121.51119122
v 206.11889648 130.32629364 -121.51119133
v 211.49249268 130.32629364 -121.51119133
v 206.11889648 133.71769673 -121.51119122
v 203.97000122 73.611963 -121.51119327
v 197.45280457 78.39924006 -121.51119311
v 197.45280457 73.58674023 -121.51119327
v 203.97000122 111.29949986 -121.51119198
v 195.64030457 78.39924006 -121.51119311
v 195.64030457 141.31249932 -121.51119096
v 204.80169678 114.89189934 -121.51119186
v 204.80169678 116.95439926 -121.51119179
v 203.30639648 130.32629364 -121.51119133
v 317.73599243 129.50280734 -121.51119136
v 319.67349243 129.50280734 -121.51119136
v 263.33349609 130.32629364 -121.51119133
v 202.21710205 133.83979755 -121.51119121
v 202.71710205 133.83979755 -121.51119121
v 199.27510071 137.95959416 -121.51119107
v 198.07929993 141.31249932 -121.51119096
v 254.85850525 73.80892345 -121.51119327
v 245.88290405 111.50409733 -121.51119198
v 245.88290405 73.77417919 -121.51119327
v 254.85850525 111.50409733 -121.51119198
v 255.82350159 115.06310294 -121.51119185
v 245.03390503 114.96399711 -121.51119186
v 245.03390503 116.95439926 -121.51119179
v 255.82350159 116.95439926 -121.51119179
v 302.95199585 73.99505015 -121.51119326
v 296.57818604 111.56009708 -121.51119197
v 296.57818604 73.97038432 -121.51119326
v 316.87411499 107.15850116 -121.51119212
v 332.68609619 79.03119805 -121.51119309
v 331.49859619 74.21869821 -121.51119325
v 332.68609619 74.21869821 -121.51119325
v 326.81408691 75.94236148 -121.51119319
v 325.79949951 75.94236148 -121.51119319
v 326.0723877 105.81610161 -121.51119217
v 305.45199585 73.99505015 -121.51119326
v 310.93908691 74.06736155 -121.51119326
v 326.81408691 74.06736155 -121.51119326
v 306.51449585 71.62005023 -121.51119334
v 331.49859619 71.96869829 -121.51119333
v 306.51449585 73.99505015 -121.51119326
v 335.93609619 71.96869829 -121.51119333
v 334.7130127 49.47690066 -121.5111941
v 332.71099854 49.43073138 -121.5111941
v 332.71279907 49.43035372 -121.51139246
v 332.71099854 60.2553236 -121.51119373
v 303.20199585 73.99505015 -121.51119326
v 339.89028931 140.19740231 -121.51119099
v 335.14660645 49.47690066 -121.5111941
v 339.89028931 49.47690066 -121.5111941
v 305.28659058 60.2553236 -121.51119373
v 335.99859619 74.21869821 -121.51119325
v 334.81109619 74.21869821 -121.51119325
v 334.81109619 79.03119805 -121.51119309
v 321.06161499 107.15850116 -121.51119212
v 295.07348633 115.06310294 -121.51119185
v 295.07348633 116.95439926 -121.51119179
v 244.42669678 116.95439926 -121.51119179
v 320.3671875 136.21710155 -121.51119113
v 320.90750122 136.82389779 -121.51119111
v 320.90750122 138.32389774 -121.51119106
v 316.53250122 138.32389774 -121.51119106
v 295.89599609 130.4494931 -121.51119133
v 317.0546875 136.21710155 -121.51119113
v 296.64599609 133.63699299 -121.51119122
v 300.01528931 140.19740231 -121.51119099
v 316.53250122 136.82389779 -121.51119111
v 295.89599609 133.63699299 -121.51119122
v 293.08349609 133.55990559 -121.51119122
v 287.77099609 130.4494931 -121.51119133
v 293.08349609 130.4494931 -121.51119133
v 287.77099609 133.55990559 -121.51119122
v 284.95849609 133.55990559 -121.51119122
v 279.39599609 130.4494931 -121.51119133
v 284.95849609 130.4494931 -121.51119133
v 279.39599609 133.55990559 -121.51119122
v 276.83349609 133.55990559 -121.51119122
v 271.39599609 130.4494931 -121.51119133
v 276.83349609 130.4494931 -121.51119133
v 271.39599609 133.55990559 -121.51119122
v 268.52099609 130.4494931 -121.51119133
v 263.33349609 133.55990559 -121.51119122
v 268.52099609 133.55990559 -121.51119122
v 305.28659058 71.62005023 -121.51119334
v 202.71710205 133.83979755 -121.51119121
v 202.21710205 133.8397975 -119.88619127
v 202.21710205 133.83979755 -121.51119121
v 202.71710205 133.8397975 -119.88619127
v 204.80169678 116.95439935 -123.94869171
v 244.42669678 116.95439926 -121.51119179
v 204.80169678 116.95439926 -121.51119179
v 244.42669678 116.95439935 -123.94869171
v 244.42669678 116.95439935 -123.94869171
v 245.03390503 116.95439926 -121.51119179
v 244.42669678 116.95439926 -121.51119179
v 245.03390503 116.95439935 -123.94869171
v 295.07348633 116.95439934 -123.82369171
v 255.82350159 116.95439926 -121.51119179
v 255.82350159 116.95439934 -123.82369171
v 295.07348633 116.95439926 -121.51119179
v 304.8895874 49.43073138 -121.5111941
v 305.28659058 49.43073138 -121.5111941
v 304.87240601 49.41210421 -121.5111941
v 303.15359497 49.38148364 -121.5111941
v 304.19198608 49.38148364 -121.5111941
v 303.15359497 71.62005023 -121.51119334
v 304.60250854 49.39995057 -120.88619412
v 304.19219971 71.6200502 -120.51119337
v 304.19198608 49.38148361 -120.51119414
v 304.87240601 49.4121042 -121.1327914
v 305.28659058 49.43073138 -121.5111941
v 305.28659058 60.2553236 -121.51119373
v 305.28659058 71.62005023 -121.51119334
v 332.71099854 49.43073138 -121.5111941
v 335.14660645 49.47690066 -121.5111941
v 334.76611328 45.9496524 -121.51119422
v 335.19970703 45.9496524 -121.51119422
v 334.7130127 49.47690066 -121.5111941
v 339.89028931 45.9496524 -121.51119422
v 335.19970703 45.9496524 -121.51119422
v 339.89028931 49.47690066 -121.5111941
v 295.89599609 133.63699294 -119.88619127
v 293.08349609 130.44949305 -119.88619138
v 295.89599609 130.44949305 -119.88619138
v 293.08349609 133.55990554 -119.88619128
v 287.77099609 133.55990554 -119.88619128
v 284.95849609 133.55990554 -119.88619128
v 279.39599609 133.55990554 -119.88619128
v 276.83349609 133.55990554 -119.88619128
v 271.39599609 133.55990554 -119.88619128
v 268.52099609 133.55990554 -119.88619128
v 263.33349609 133.55990554 -119.88619128
v 260.20849609 133.55990554 -119.88619128
v 255.08349609 133.55990554 -119.88619128
v 252.20849609 133.55990554 -119.88619128
v 246.77099609 133.55990554 -119.88619128
v 243.83349609 133.55990554 -119.88619128
v 238.58990479 133.55990554 -119.88619128
v 235.77740479 133.55990554 -119.88619128
v 230.40240479 133.55990554 -119.88619128
v 227.46490479 133.55990554 -119.88619128
v 222.40240479 133.55990554 -119.88619128
v 219.36749268 133.6266017 -119.88619127
v 214.36749268 133.6266017 -119.88619127
v 299.35140991 138.90469295 -119.88619109
v 296.64599609 133.63699294 -119.88619127
v 210.93139648 133.71769667 -119.88619127
v 206.11889648 133.71769667 -119.88619127
v 202.71710205 133.8397975 -119.88619127
v 202.21710205 133.8397975 -119.88619127
v 199.27510071 137.95959411 -119.88619113
v 198.93800354 138.90469295 -119.88619109
v 203.30639648 130.32629359 -119.88619139
v 206.11889648 130.32629359 -119.88619139
v 211.49249268 130.32629359 -119.88619139
v 214.36749268 130.32629359 -119.88619139
v 219.65240479 130.32629359 -119.88619139
v 222.40240479 130.32629359 -119.88619139
v 227.46490479 130.32629359 -119.88619139
v 230.40240479 130.32629359 -119.88619139
v 235.77740479 130.32629359 -119.88619139
v 238.58990479 130.32629359 -119.88619139
v 243.83349609 130.32629359 -119.88619139
v 246.77099609 130.32629359 -119.88619139
v 252.20849609 130.32629359 -119.88619139
v 255.08349609 130.32629359 -119.88619139
v 260.20849609 130.32629359 -119.88619139
v 263.33349609 130.32629359 -119.88619139
v 268.52099609 130.44949305 -119.88619138
v 271.39599609 130.44949305 -119.88619138
v 276.83349609 130.44949305 -119.88619138
v 279.39599609 130.44949305 -119.88619138
v 284.95849609 130.44949305 -119.88619138
v 287.77099609 130.44949305 -119.88619138
v 221.32200623 75.20097518 -123.94869313
v 228.79269409 75.36705946 -123.94869313
v 221.32200623 105.45099703 -123.9486921
v 240.16769409 75.36705946 -123.94869313
v 229.00770569 105.54090181 -123.9486921
v 217.85949707 106.5243994 -123.94869206
v 232.64280701 106.69049894 -123.94869206
v 213.79699707 106.5243994 -123.94869206
v 245.88290405 73.77417927 -123.94869318
v 245.88290405 111.50409741 -123.94869189
v 240.16769409 105.6171042 -123.94869209
v 236.70530701 106.69049894 -123.94869206
v 203.97000122 111.29949994 -123.9486919
v 204.80169678 114.89189942 -123.94869178
v 245.03390503 114.96399719 -123.94869177
v 204.80169678 116.95439935 -123.94869171
v 245.03390503 116.95439935 -123.94869171
v 203.97000122 73.61196309 -123.94869319
v 209.94700623 75.20097518 -123.94869313
v 210.16200256 105.37480227 -123.9486921
v 271.82339478 75.41661237 -123.82369313
v 279.27081299 75.5173509 -123.82369313
v 271.82339478 105.66660371 -123.8236921
v 290.64581299 75.5173509 -123.82369313
v 279.48580933 105.69120088 -123.8236921
v 268.36090088 106.73999845 -123.82369206
v 283.12091064 106.84079801 -123.82369206
v 264.29840088 106.73999845 -123.82369206
v 296.57818604 73.9703844 -123.82369318
v 296.57818604 111.56009716 -123.82369189
v 290.64581299 105.76740327 -123.82369209
v 287.18341064 106.84079801 -123.82369206
v 254.85850525 111.50409741 -123.8236919
v 255.82350159 115.06310302 -123.82369177
v 295.07348633 115.06310302 -123.82369177
v 295.07348633 116.95439934 -123.82369171
v 255.82350159 116.95439934 -123.82369171
v 254.85850525 73.80892353 -123.82369319
v 260.44839478 75.41661237 -123.82369313
v 260.66339111 105.5905005 -123.8236921
v 300.81698608 49.38148364 -121.5111941
v 299.06509399 51.89345407 -121.51119402
v 295.85418701 55.39374387 -121.5111939
v 292.73269653 57.79377202 -121.51119381
v 289.8973999 59.3824713 -121.51119376
v 286.88549805 60.76117151 -121.51119371
v 284.0809021 61.63479056 -121.51119368
v 281.44171143 62.14225209 -121.51119366
v 279.74438477 62.56833087 -121.51119365
v 278.15948486 63.57021149 -121.51119362
v 277.34008789 64.90059856 -121.51119357
v 277.01449585 66.6200504 -121.51119351
v 277.01449585 71.62005023 -121.51119334
v 304.60250854 49.39995057 -120.88619412
v 304.19198608 49.38148364 -121.5111941
v 304.19198608 49.38148362 -120.88619412
v 304.87240601 49.41210421 -121.5111941
v 304.87240601 49.4121042 -121.1327914
v 304.19219971 71.6200502 -120.51119337
v 303.15359497 49.38148364 -121.5111941
v 304.19198608 49.38148361 -120.51119414
v 303.15359497 71.62005023 -121.51119334
v 304.6506958 42.71326333 -120.88619435
v 304.19198608 49.38148362 -120.88619412
v 304.19198608 42.69398385 -120.88619435
v 304.60250854 49.39995057 -120.88619412
v 304.63549805 48.34242115 -120.88619416
v 305.10949707 42.73254281 -120.88619435
v 305.10949707 45.60515089 -120.88619425
v 305.06259155 45.94965238 -120.88619424
v 305.06259155 47.72589362 -120.88619418
v 304.63549805 49.15492113 -120.88619413
v 304.87240601 49.41210419 -120.88619412
v 332.69830322 47.48267234 -120.88619419
v 305.10949707 45.60515089 -120.88619425
v 332.69830322 45.60515089 -120.88619425
v 305.06259155 45.94965238 -120.88619424
v 305.06259155 47.72589362 -120.88619418
v 333.33380127 48.70203265 -120.88619415
v 304.63549805 48.34242115 -120.88619416
v 304.63549805 49.15492113 -120.88619413
v 333.33380127 49.13953264 -120.88619413
v 332.71279907 49.43036133 -120.88639249
v 304.87240601 49.41210419 -120.88619412
v 304.8895874 49.43073136 -120.88619412
v 332.71099854 49.43073136 -120.88619412
v 332.85940552 45.60516234 -120.88619425
v 332.69830322 47.48267234 -120.88619419
v 332.69830322 45.60515089 -120.88619425
v 334.76611328 45.94966382 -120.88619424
v 334.7130127 49.47691208 -120.88619412
v 333.33380127 48.70203265 -120.88619415
v 333.33380127 49.13953264 -120.88619413
v 332.71279907 49.43036133 -120.88639249
v 333.33380127 49.13953266 -121.51119411
v 333.33380127 48.70203265 -120.88619415
v 333.33380127 49.13953264 -120.88619413
v 333.33380127 48.70203267 -121.51119413
v 333.33380127 48.70203267 -121.51119413
v 332.69830322 47.48267234 -120.88619419
v 333.33380127 48.70203265 -120.88619415
v 332.69830322 47.48267236 -121.51119417
v 332.69830322 47.48267236 -121.51119417
v 332.69830322 45.60515089 -120.88619425
v 332.69830322 47.48267234 -120.88619419
v 332.69830322 45.60515091 -121.51119423
v 311.72061157 45.60515092 -121.82369422
v 311.51721191 35.40823279 -121.82369457
v 311.72061157 35.29054175 -121.82369457
v 310.20471191 35.40823279 -121.82369457
v 305.10949707 42.73912319 -121.82369432
v 305.10949707 45.60515092 -121.82369422
v 311.72061157 33.14357298 -121.82369465
v 305.92730713 3.18750406 -121.82369567
v 311.72061157 3.01857115 -121.82369568
v 305.92730713 6.06250396 -121.82369557
v 305.92730713 9.12500386 -121.82369547
v 304.55230713 6.06250396 -121.82369557
v 305.92730713 11.93750376 -121.82369537
v 305.92730713 14.93750366 -121.82369527
v 304.55230713 11.93750376 -121.82369537
v 305.92730713 17.75000356 -121.82369517
v 305.92730713 20.56250347 -121.82369508
v 304.48980713 17.75000356 -121.82369517
v 305.92730713 23.50000337 -121.82369498
v 304.36480713 23.50000337 -121.82369498
v 306.48980713 26.62500326 -121.82369487
v 306.78659058 28.15906273 -121.82369482
v 306.78659058 30.22156266 -121.82369475
v 306.35861206 30.48015335 -121.82369474
v 305.10949707 30.48015335 -121.82369474
v 310.47061157 33.14357298 -121.82369465
v 310.20471191 33.30778425 -121.82369464
v 339.89028931 4.17E-06 -121.82369578
v 325.72061157 3.01857115 -121.82369568
v 305.92730713 4.17E-06 -121.82369578
v 339.89028931 45.94965241 -121.82369421
v 305.92730713 1.43750412 -121.82369573
v 304.67730713 1.43750412 -121.82369573
v 326.97061157 33.14357298 -121.82369465
v 327.37939453 33.61257474 -121.82369463
v 327.37939453 35.55007467 -121.82369456
v 325.94189453 35.55007467 -121.82369456
v 332.85949707 45.60515092 -121.82369422
v 334.76611328 45.94965241 -121.82369421
v 325.65429688 45.60515092 -121.82369422
v 325.65429688 35.22040473 -121.82369458
v 325.72061157 33.14357298 -121.82369465
v 304.36480713 26.62500326 -121.82369487
v 304.48980713 20.56250347 -121.82369508
v 304.55230713 14.93750366 -121.82369527
v 304.55230713 9.12500386 -121.82369547
v 304.67730713 3.18750406 -121.82369567
v 325.65429688 45.60515097 -123.26119417
v 325.65429688 35.22040473 -121.82369458
v 325.65429688 45.60515092 -121.82369422
v 325.65429688 35.22040478 -123.26119453
v 325.72061157 33.14357303 -123.1986946
v 325.72061157 3.01857115 -121.82369568
v 325.72061157 33.14357298 -121.82369465
v 325.72061157 3.0185712 -123.19869563
v 325.72061157 3.01857115 -121.82369568
v 311.72061157 3.0185712 -123.19869563
v 311.72061157 3.01857115 -121.82369568
v 325.72061157 3.0185712 -123.19869563
v 311.72061157 3.0185712 -123.19869563
v 311.72061157 33.14357298 -121.82369465
v 311.72061157 3.01857115 -121.82369568
v 311.72061157 33.14357303 -123.1986946
v 311.72061157 35.2905418 -123.26119452
v 311.72061157 45.60515092 -121.82369422
v 311.72061157 35.29054175 -121.82369457
v 311.72061157 45.60515097 -123.26119417
v 325.65429688 45.60515097 -123.26119417
v 311.72061157 45.60515092 -121.82369422
v 311.72061157 45.60515097 -123.26119417
v 325.65429688 45.60515092 -121.82369422
v 325.65429688 45.60515097 -123.26119417
v 311.84179688 35.22040478 -123.26119453
v 325.65429688 35.22040478 -123.26119453
v 311.72061157 35.2905418 -123.26119452
v 311.72061157 45.60515097 -123.26119417
v 325.72061157 33.14357303 -123.1986946
v 311.72061157 33.14357298 -121.82369465
v 311.72061157 33.14357303 -123.1986946
v 325.72061157 33.14357298 -121.82369465
v 325.72061157 33.14357303 -123.1986946
v 311.72061157 3.0185712 -123.19869563
v 325.72061157 3.0185712 -123.19869563
v 311.72061157 33.14357303 -123.1986946
v 311.84179688 35.22040473 -121.82369458
v 311.72061157 35.2905418 -123.26119452
v 311.72061157 35.29054175 -121.82369457
v 311.84179688 35.22040478 -123.26119453
v 327.37939453 35.55007465 -121.32369458
v 325.65429688 35.22040471 -121.32369459
v 327.37939453 33.61257472 -121.32369465
v 325.94189453 35.55007465 -121.32369458
v 325.72061157 33.14357296 -121.32369466
v 326.97061157 33.14357296 -121.32369466
v 311.72061157 33.14357296 -121.32369466
v 310.47061157 33.14357296 -121.32369466
v 310.20471191 33.30778423 -121.32369466
v 311.84179688 35.22040471 -121.32369459
v 310.20471191 35.40823277 -121.32369459
v 311.51721191 35.40823277 -121.32369459
v 333.6867981 49.43073135 -120.57369413
v 332.64849854 49.43073138 -121.5736941
v 332.71279907 49.43035372 -121.51139246
v 333.68710327 71.66929794 -120.57369337
v 332.64849854 71.66929797 -121.57369334
v 334.09729004 49.44920212 -120.94869412
v 333.68710327 71.66929794 -120.57369337
v 333.6867981 49.43073135 -120.57369413
v 334.36730957 49.46134431 -121.1952914
v 334.7130127 49.47690066 -121.5111941
v 334.78140259 49.47998294 -121.5736941
v 334.78140259 60.30457134 -121.57369373
v 334.78140259 71.66929797 -121.57369334
v 334.81109619 79.03119802 -120.76119311
v 332.68609619 74.21869819 -120.76119328
v 334.81109619 74.21869819 -120.76119328
v 332.68609619 79.03119802 -120.76119311
v 335.99859619 74.21869819 -120.76119328
v 331.49859619 71.96869826 -120.76119335
v 335.93609619 71.96869826 -120.76119335
v 331.49859619 74.21869819 -120.76119328
v 335.93609619 71.96869829 -121.51119333
v 331.49859619 71.96869826 -120.76119335
v 331.49859619 71.96869829 -121.51119333
v 335.93609619 71.96869826 -120.76119335
v 221.32200623 105.45099707 -125.19869206
v 209.94700623 75.20097522 -125.19869309
v 221.32200623 75.20097522 -125.19869309
v 210.16200256 105.37480231 -125.19869206
v 213.79699707 106.52439944 -125.19869202
v 217.85949707 106.52439944 -125.19869202
v 240.16769409 105.61710425 -125.19869205
v 228.79269409 75.36705951 -125.19869309
v 240.16769409 75.36705951 -125.19869309
v 229.00770569 105.54090186 -125.19869205
v 232.64280701 106.69049899 -125.19869201
v 236.70530701 106.69049899 -125.19869201
v 271.82339478 105.66660376 -125.38619204
v 260.44839478 75.41661243 -125.38619308
v 271.82339478 75.41661243 -125.38619308
v 260.66339111 105.59050056 -125.38619205
v 264.29840088 106.7399985 -125.38619201
v 268.36090088 106.7399985 -125.38619201
v 290.64581299 105.76740332 -125.38619204
v 279.27081299 75.51735095 -125.38619307
v 290.64581299 75.51735095 -125.38619307
v 279.48580933 105.69120093 -125.38619204
v 283.12091064 106.84079806 -125.386192
v 287.18341064 106.84079806 -125.386192
v 326.0723877 105.81610168 -123.5111921
v 311.81408691 75.94236155 -123.51119312
v 325.79949951 75.94236155 -123.51119312
v 311.81408691 105.7587973 -123.5111921
v 316.87411499 107.15850123 -123.51119206
v 321.06161499 107.15850123 -123.51119206
v 326.81408691 75.94236147 -121.1986932
v 310.93908691 74.06736154 -121.19869327
v 326.81408691 74.06736154 -121.19869327
v 310.93908691 75.94236147 -121.1986932
v 320.90750122 136.8238977 -118.8861912
v 317.0546875 136.21710146 -118.88619122
v 320.3671875 136.21710146 -118.88619122
v 316.53250122 136.8238977 -118.8861912
v 320.90750122 138.32389765 -118.88619115
v 316.53250122 138.32389765 -118.88619115
v 317.0546875 136.21710152 -120.57369116
v 320.3671875 136.21710146 -118.88619122
v 317.0546875 136.21710146 -118.88619122
v 320.3671875 136.21710152 -120.57369116
v 320.3671875 136.21710146 -118.88619122
v 317.73599243 129.50280731 -120.57369139
v 319.67349243 129.50280731 -120.57369139
v 317.0546875 136.21710146 -118.88619122
v 300.01528931 140.19740224 -119.19869107
v 300.01528931 141.31249929 -120.44869099
v 300.01528931 141.31249924 -119.19869103
v 300.01528931 140.19740228 -120.44869103
v 339.89028931 141.31249929 -120.44869099
v 300.01528931 140.19740228 -120.44869103
v 339.89028931 140.19740228 -120.44869103
v 300.01528931 141.31249929 -120.44869099
v 300.01528931 140.19740224 -119.19869107
v 198.93800354 138.90469293 -119.19869112
v 299.35140991 138.90469293 -119.19869112
v 198.07929993 141.31249924 -119.19869103
v 300.01528931 141.31249924 -119.19869103
vn 0 -1 0
vn 1 -0 -0
vn -1 0 0
vn -0.99975 -0 0.02233
vn -0.99958 0 0.02898
vn -0.99893 0 0.04616
vn -0.59796 0 -0.80153
vn -0.67754 0 -0.73548
vn -0.53254 -0 0.8464
vn 0.52542 -0 0.85084
vn 0.99845 -0 0.05559
vn -0 -1 0
vn -0.99975 0 0.02233
vn -0.99893 -0 0.04616
vn -0.67754 0 -0.73548
vn -0.53254 -0 0.8464
vn -0.53617 -0 -0.84411
vn -0.99893 0 0.04616
vn -0.99958 0 0.02898
vn -0.99975 0 0.02233
vn 0 -1 -0
vn 0.99554 -0 -0.09435
vn 0 -1 0
vn 0 -1 0
vn 0 -1 -0
vn 0 -0 -1
vn -0 0 -1
vn -0 0 -1
vn -0 0 -1
vn 0.67452 -0.73825 -0
vn 0 -1 0
vn -0 -1 0
vn 0 -1 -0
vn -0 -1 -0
vn 0 -1 -0
vn -0.04495 -0 0.99899
vn -0.69364 -0.72032 0
vn 0 -1 1E-05
vn -2E-05 -1 2E-05
vn -0.88681 0 0.46213
vn -0 -1 0
vn -0 -0 1
vn 0 0 -1
vn 0.50087 0 0.86552
vn -0.69362 -0.72035 1E-05
vn 0 -1 -0
vn 0 -1 -0
vn -0 -1 -0
vn 0 0 -1
vn 0 -0.96984 -0.24375
vn 1 0 0
vn -0 -1 -0
vn 0 -1 0
vt 26.34791 -5.19893
vt 26.07168 -5.19792
vt 26.34791 -5.19585
vt 26.07168 -5.21071
vt 26.34633 -5.20043
vt 26.34633 -5.21498
vt 26.0662 -5.21419
vt 26.0662 -5.24065
vt 26.34996 -5.21733
vt 26.34914 -5.23495
vt 26.34638 -5.25594
vt 26.06859 -5.2532
vt 26.07643 -5.27609
vt 26.33954 -5.27684
vt 26.08538 -5.29516
vt 26.3326 -5.29298
vt 26.32279 -5.30853
vt 26.0983 -5.31494
vt 26.3099 -5.3239
vt 26.11097 -5.3275
vt 26.29524 -5.33683
vt 26.12553 -5.33916
vt 26.27903 -5.34843
vt 26.14002 -5.34863
vt 26.2588 -5.35814
vt 26.158 -5.35703
vt 26.18133 -5.36463
vt 26.24073 -5.36379
vt 26.21945 -5.36673
vt 26.2027 -5.36673
vt 26.35071 -5.06329
vt 26.06343 -5.02088
vt 26.35071 -5.02088
vt 26.06343 -5.10738
vt 26.35187 -5.11665
vt 26.05911 -5.18709
vt 26.35263 -5.14354
vt 26.35465 -5.18849
vt 26.06134 -5.18916
vt 26.35431 -5.18875
vt 26.3519 -5.1906
vt 26.06134 -5.19093
vt 26.3519 -5.19324
vt 26.06137 -5.19124
vt 26.06244 -5.19315
vt 26.06478 -5.19481
vt 26.0664 -5.19792
vt 25.00217 -5.05505
vt 25.04555 -5.15545
vt 25.04555 -5.04914
vt 24.93562 -5.15545
vt 24.95155 -5.06195
vt 24.93562 -5.06894
vt 23.36717 -5.48091
vt 23.43372 -5.4246
vt 23.43372 -5.48091
vt 23.38309 -5.4315
vt 23.36717 -5.4385
vt 23.34708 -5.46477
vt 23.41364 -5.4114
vt 23.41364 -5.46477
vt 23.34708 -5.4114
vt 23.39643 -5.45227
vt 23.46299 -5.42536
vt 23.46299 -5.45227
vt 23.39643 -5.42536
vt 23.42566 -5.45556
vt 23.36022 -5.41057
vt 23.42678 -5.41057
vt 23.36022 -5.45556
vt 23.71425 -3.71706
vt 23.77969 -3.7175
vt 23.71425 -3.7175
vt 23.77969 -3.71706
vt 23.71425 -3.85919
vt 23.78081 -3.86139
vt 23.71425 -3.86139
vt 23.78081 -3.85919
vt 23.78081 -6.5864
vt 23.71425 -6.58199
vt 23.78081 -6.58199
vt 23.71425 -6.5864
vt 25.53988 -3.87657
vt 25.60379 -3.88319
vt 25.53988 -3.88319
vt 25.60379 -3.87657
vt 23.93596 -5.10711
vt 24.04589 -5.18694
vt 24.04589 -5.10711
vt 23.99987 -5.18694
vt 23.93596 -5.18694
vt 26.76089 -5.04386
vt 26.7523 -5.02357
vt 26.76089 -5.02357
vt 26.76089 -5.08532
vt 26.75145 -5.06548
vt 26.76089 -5.06548
vt 26.76089 -5.16693
vt 26.75102 -5.1462
vt 26.76089 -5.1462
vt 26.76089 -5.12635
vt 26.75145 -5.1065
vt 26.76089 -5.1065
vt 26.69741 -5.11665
vt 26.75102 -5.12635
vt 26.69817 -5.14354
vt 26.70019 -5.18849
vt 26.75016 -5.16693
vt 26.75016 -5.18898
vt 26.69985 -5.18875
vt 26.69744 -5.1906
vt 26.76089 -5.01122
vt 26.69625 -5.00108
vt 26.76089 -5.00108
vt 26.7523 -5.01122
vt 26.69625 -5.06329
vt 26.75145 -5.04386
vt 26.75145 -5.08532
vt 26.7668 -5.19981
vt 26.76476 -5.18898
vt 26.69744 -5.19324
vt 26.69345 -5.19585
vt 26.69345 -5.19893
vt 26.69187 -5.20043
vt 26.7668 -5.21436
vt 26.69187 -5.21498
vt 26.76386 -5.21619
vt 26.75527 -5.21619
vt 26.69551 -5.21733
vt 26.75527 -5.30266
vt 26.69468 -5.23495
vt 26.69192 -5.25594
vt 26.68508 -5.27684
vt 26.67814 -5.29298
vt 26.74897 -5.30239
vt 26.74038 -5.30239
vt 26.66834 -5.30853
vt 26.72595 -5.33047
vt 26.65545 -5.3239
vt 26.64078 -5.33683
vt 26.6951 -5.37232
vt 26.62458 -5.34843
vt 26.60435 -5.35814
vt 26.58627 -5.36379
vt 26.56499 -5.36673
vt 26.54825 -5.36673
vt 26.47107 -5.33916
vt 26.37949 -5.33322
vt 26.45651 -5.3275
vt 26.39013 -5.35031
vt 26.48557 -5.34863
vt 26.50354 -5.35703
vt 26.40982 -5.37246
vt 26.52687 -5.36463
vt 26.66543 -5.39977
vt 26.42751 -5.38853
vt 26.45062 -5.40462
vt 26.62783 -5.4192
vt 26.48205 -5.41885
vt 26.51399 -5.42764
vt 26.5907 -5.42849
vt 26.52851 -5.43163
vt 26.58058 -5.43216
vt 26.54342 -5.44124
vt 26.57018 -5.43836
vt 26.56392 -5.44439
vt 26.55059 -5.45003
vt 26.55932 -5.45132
vt 26.55222 -5.45459
vt 26.55596 -5.46039
vt 26.55428 -5.46038
vt 26.55511 -5.46561
vt 26.40897 -5.10738
vt 26.35071 -5.00108
vt 26.40897 -5.00108
vt 26.40465 -5.18709
vt 26.40689 -5.18916
vt 26.40689 -5.19093
vt 26.40692 -5.19124
vt 26.40799 -5.19315
vt 26.41032 -5.19481
vt 26.41194 -5.19792
vt 26.41327 -5.19884
vt 26.41327 -5.21384
vt 26.40963 -5.21693
vt 26.41174 -5.24065
vt 26.41414 -5.2532
vt 26.42197 -5.27609
vt 26.43092 -5.29516
vt 26.44385 -5.31494
vt 26.36772 -5.34952
vt 26.34773 -5.37197
vt 26.01616 -5.30278
vt 26.02915 -5.32866
vt 26.04013 -5.34709
vt 26.055 -5.36479
vt 26.06888 -5.37795
vt 26.32003 -5.39706
vt 26.08795 -5.393
vt 26.10816 -5.40556
vt 26.27803 -5.41927
vt 26.13249 -5.41869
vt 26.15238 -5.42572
vt 26.24523 -5.42814
vt 26.17299 -5.43007
vt 26.22613 -5.43331
vt 26.18442 -5.43515
vt 26.21998 -5.43646
vt 26.19189 -5.44109
vt 26.21251 -5.44309
vt 26.19748 -5.44779
vt 26.2071 -5.44995
vt 26.20164 -5.45699
vt 26.20403 -5.45913
vt 26.20313 -5.46568
vt 26.00317 -5.00108
vt 26.06343 -5.00108
vt 26.00317 -5.30278
vt 23.36591 -5.067
vt 23.40928 -5.00478
vt 23.40928 -5.067
vt 23.36591 -5.01069
vt 23.36491 -5.11827
vt 23.40829 -5.0649
vt 23.40829 -5.11827
vt 23.36491 -5.0649
vt 23.36502 -5.14114
vt 23.40839 -5.11423
vt 23.40839 -5.14114
vt 23.36502 -5.11423
vt 23.3627 -6.18913
vt 23.40718 -6.14414
vt 23.40718 -6.18913
vt 23.36381 -6.14414
vt 23.35606 -4.18901
vt 23.40054 -4.18945
vt 23.35606 -4.18945
vt 23.40054 -4.18901
vt 23.35856 -4.1997
vt 23.40193 -4.2019
vt 23.35856 -4.2019
vt 23.40193 -4.1997
vt 23.3935 -6.21713
vt 23.35013 -6.21272
vt 23.3935 -6.21272
vt 23.35013 -6.21713
vt 23.6945 -5.21352
vt 23.73787 -5.19897
vt 23.73787 -5.21352
vt 23.6945 -5.19897
vt 23.35877 -5.19836
vt 23.40214 -5.19527
vt 23.40214 -5.19836
vt 23.35877 -5.19527
vt 23.35833 -4.19828
vt 23.40282 -4.20314
vt 23.35945 -4.20314
vt 23.40282 -4.19828
vt 23.35744 -5.19826
vt 23.40192 -5.19561
vt 23.40192 -5.19826
vt 23.35744 -5.19561
vt 23.35707 -4.18869
vt 23.40155 -4.19178
vt 23.35707 -4.19178
vt 23.40155 -4.18869
vt 24.95616 -5.05593
vt 25.0478 -5.15236
vt 25.0478 -5.04606
vt 24.93788 -5.15236
vt 24.93788 -5.06292
vt 23.93718 -5.10474
vt 24.04711 -5.18457
vt 24.04711 -5.10474
vt 24.00153 -5.18457
vt 23.93718 -5.18457
vt 23.73918 -7.21625
vt 23.6945 -7.21184
vt 23.73918 -7.21184
vt 23.6945 -7.21625
vt 24.3683 -5.21491
vt 24.41298 -5.20035
vt 24.41298 -5.21491
vt 24.3683 -5.20035
vt 23.00089 -5.18766
vt 23.04558 -5.14267
vt 23.04558 -5.18766
vt 22.93565 -5.14266
vt 22.93565 -5.18766
vt 23.93637 -5.14216
vt 24.0463 -5.11525
vt 24.0463 -5.14216
vt 23.93637 -5.11525
vt 23.93722 -5.11598
vt 24.04715 -5.06261
vt 24.04715 -5.11598
vt 23.93722 -5.06261
vt 23.93825 -5.11342
vt 24.04818 -5.05121
vt 24.04818 -5.11342
vt 23.95654 -5.06109
vt 23.93825 -5.06807
vt 26.40897 -5.01794
vt 26.69625 -5.01794
vt 24.89795 -5.1774
vt 24.9632 -5.16284
vt 24.9632 -5.1774
vt 24.89795 -5.16284
vt 25.60379 -5.35948
vt 25.53967 -5.3598
vt 25.53944 -5.35948
vt 25.60379 -5.3598
vt 26.04154 -5.36685
vt 26.00317 -5.34977
vt 26.02936 -5.34977
vt 26.00317 -5.50611
vt 26.06332 -5.38939
vt 26.08952 -5.40864
vt 26.12076 -5.42531
vt 26.14491 -5.43452
vt 26.16974 -5.43972
vt 26.18565 -5.44747
vt 26.19381 -5.45827
vt 26.1962 -5.47083
vt 26.1962 -5.50611
vt 26.39307 -5.37172
vt 26.37519 -5.35859
vt 26.38292 -5.35859
vt 26.3571 -5.381
vt 26.41348 -5.39128
vt 26.32908 -5.40433
vt 26.43767 -5.40886
vt 26.30994 -5.41698
vt 26.46195 -5.42299
vt 26.28527 -5.42839
vt 26.48558 -5.43238
vt 26.26478 -5.43496
vt 26.52527 -5.44207
vt 26.23878 -5.44085
vt 26.22438 -5.44528
vt 26.53512 -5.44644
vt 26.21674 -5.45099
vt 26.5421 -5.45299
vt 26.21317 -5.45702
vt 26.54637 -5.46114
vt 26.21039 -5.46767
vt 26.54785 -5.47207
vt 26.21039 -5.50648
vt 26.54785 -5.50647
vt 26.74897 -5.34958
vt 26.72578 -5.34958
vt 26.71375 -5.36731
vt 26.69169 -5.39201
vt 26.67024 -5.40895
vt 26.65076 -5.42017
vt 26.63007 -5.42989
vt 26.6108 -5.43606
vt 26.59267 -5.43964
vt 26.581 -5.44265
vt 26.57011 -5.44972
vt 26.56448 -5.45911
vt 26.56225 -5.47124
vt 26.56225 -5.50653
vt 26.75763 -5.55858
vt 26.74217 -5.52329
vt 26.75763 -5.52329
vt 26.74217 -5.55858
vt 26.76493 -5.52329
vt 26.74897 -5.50653
vt 26.76493 -5.50653
vt 26.01562 -5.52041
vt 26.74045 -5.52329
vt 26.00317 -5.55438
vt 26.01562 -5.55438
vt 25.49386 -5.50653
vt 25.48699 -5.52329
vt 25.48699 -5.50653
vt 25.49386 -5.52329
vt 26.80134 -5.74746
vt 26.79533 -5.53703
vt 26.80134 -5.53703
vt 26.44678 -5.94367
vt 26.41157 -5.92085
vt 26.44678 -5.92085
vt 26.41157 -5.94367
vt 26.39182 -5.94367
vt 26.35446 -5.92085
vt 26.39182 -5.92085
vt 26.35446 -5.94367
vt 26.33428 -5.94367
vt 26.29825 -5.92085
vt 26.33428 -5.92085
vt 26.29825 -5.94367
vt 26.27893 -5.94367
vt 26.242 -5.92085
vt 26.27893 -5.92085
vt 26.242 -5.94367
vt 26.22182 -5.94367
vt 26.18704 -5.92085
vt 26.22182 -5.92085
vt 26.18704 -5.94367
vt 26.16618 -5.94414
vt 26.13183 -5.92085
vt 26.16814 -5.92085
vt 26.13183 -5.94414
vt 26.10822 -5.94478
vt 26.07516 -5.92085
vt 26.11208 -5.92085
vt 26.07516 -5.94478
vt 26.0604 -5.52059
vt 26.01562 -5.55437
vt 26.0604 -5.78657
vt 26.00317 -5.55437
vt 26.00317 -5.99838
vt 26.06611 -5.81192
vt 26.06611 -5.82648
vt 26.05584 -5.92085
vt 26.84202 -5.91503
vt 26.85534 -5.91503
vt 26.46825 -5.92085
vt 26.04835 -5.94564
vt 26.05179 -5.94564
vt 26.02814 -5.97472
vt 26.01992 -5.99838
vt 26.41003 -5.52198
vt 26.34836 -5.78801
vt 26.34836 -5.52173
vt 26.41003 -5.78801
vt 26.41666 -5.81313
vt 26.34253 -5.81243
vt 26.34253 -5.82648
vt 26.41666 -5.82648
vt 26.74045 -5.52329
vt 26.69666 -5.7884
vt 26.69666 -5.52312
vt 26.8361 -5.75734
vt 26.94474 -5.55884
vt 26.93658 -5.52487
vt 26.94474 -5.52487
vt 26.9044 -5.53703
vt 26.89742 -5.53703
vt 26.8993 -5.74787
vt 26.75763 -5.52329
vt 26.79533 -5.5238
vt 26.9044 -5.5238
vt 26.93658 -5.50899
vt 26.76493 -5.52329
vt 26.96707 -5.50899
vt 26.95867 -5.35026
vt 26.94491 -5.34993
vt 26.94492 -5.34993
vt 26.94491 -5.42632
vt 26.74217 -5.52329
vt 26.99424 -5.99051
vt 26.96164 -5.35026
vt 26.99424 -5.35026
vt 26.75649 -5.42632
vt 26.9675 -5.52487
vt 26.95934 -5.52487
vt 26.95934 -5.55884
vt 26.86487 -5.75734
vt 26.68632 -5.81313
vt 26.68632 -5.82648
vt 26.33835 -5.82648
vt 26.8601 -5.96242
vt 26.86381 -5.9667
vt 26.86381 -5.97729
vt 26.83376 -5.97729
vt 26.69197 -5.92172
vt 26.83734 -5.96242
vt 26.69713 -5.94421
vt 26.72027 -5.99051
vt 26.83376 -5.9667
vt 26.69197 -5.94421
vt 26.67265 -5.94367
vt 26.63615 -5.92172
vt 26.67265 -5.92172
vt 26.63615 -5.94367
vt 26.61683 -5.94367
vt 26.57861 -5.92172
vt 26.61683 -5.92172
vt 26.57861 -5.94367
vt 26.561 -5.94367
vt 26.52365 -5.92172
vt 26.561 -5.92172
vt 26.52365 -5.94367
vt 26.50389 -5.92172
vt 26.46825 -5.94367
vt 26.50389 -5.94367
vt 26.75649 -5.50653
vt 23.26626 -5.85863
vt 23.26969 -5.84717
vt 23.26969 -5.85863
vt 23.26626 -5.84717
vt 23.27893 -5.87505
vt 23.00668 -5.85785
vt 23.27893 -5.85785
vt 23.00668 -5.87505
vt 22.97969 -5.87584
vt 22.97552 -5.85863
vt 22.97969 -5.85863
vt 22.97552 -5.87584
vt 22.63172 -5.87495
vt 22.90139 -5.85863
vt 22.90139 -5.87495
vt 22.63172 -5.85863
vt 26.75376 -5.34993
vt 26.75649 -5.34993
vt 26.75365 -5.3498
vt 26.74184 -5.34958
vt 26.74184 -5.50653
vt 33.75265 -4.35217
vt 33.74893 -4.50497
vt 33.74893 -4.35204
vt 33.7551 -4.35225
vt 33.75885 -4.35238
vt 33.75885 -4.42682
vt 33.75885 -4.50497
vt 26.94491 -5.34993
vt 26.96164 -5.35026
vt 26.95903 -5.32537
vt 26.96201 -5.32537
vt 26.95867 -5.35026
vt 26.99423 -5.32537
vt 26.96201 -5.32537
vt 26.99423 -5.35026
vt 26.35446 -5.94367
vt 26.33428 -5.94367
vt 26.29825 -5.94367
vt 26.27893 -5.94367
vt 26.242 -5.94367
vt 26.22182 -5.94367
vt 26.18704 -5.94367
vt 26.71571 -5.98139
vt 26.02582 -5.98139
vt 26.17961 -5.5318
vt 26.23094 -5.53298
vt 26.17961 -5.74529
vt 26.30909 -5.53298
vt 26.23242 -5.74592
vt 26.15582 -5.75287
vt 26.25739 -5.75404
vt 26.12791 -5.75287
vt 26.34836 -5.52173
vt 26.30909 -5.74646
vt 26.2853 -5.75404
vt 26.10146 -5.5318
vt 26.10294 -5.74475
vt 26.52658 -5.53333
vt 26.57775 -5.53404
vt 26.52658 -5.74681
vt 26.6559 -5.53404
vt 26.57923 -5.74699
vt 26.50279 -5.75439
vt 26.6042 -5.7551
vt 26.47488 -5.75439
vt 26.69666 -5.78841
vt 26.6559 -5.74752
vt 26.63211 -5.7551
vt 26.41002 -5.78801
vt 26.41666 -5.81313
vt 26.41666 -5.82648
vt 26.41002 -5.52198
vt 26.44843 -5.53333
vt 26.44991 -5.74627
vt 23.82847 -7.16429
vt 23.82418 -7.16139
vt 23.82847 -7.16139
vt 23.82418 -7.16619
vt 23.82678 -7.16619
vt 14.7511 -6.50676
vt 14.7412 -6.34993
vt 14.7511 -6.34993
vt 14.7412 -6.50676
vt 26.75212 -5.30252
vt 26.75179 -5.34971
vt 26.75202 -5.34225
vt 26.75527 -5.32293
vt 26.75495 -5.32536
vt 26.75495 -5.3379
vt 26.75202 -5.34798
vt 26.94482 -5.33619
vt 26.75527 -5.32294
vt 26.94482 -5.32294
vt 26.75495 -5.32537
vt 26.75495 -5.33791
vt 26.94919 -5.3448
vt 26.75202 -5.34226
vt 26.75202 -5.34799
vt 26.94919 -5.34788
vt 26.94492 -5.34994
vt 26.75365 -5.34981
vt 26.75376 -5.34994
vt 26.94491 -5.34994
vt 26.94591 -5.32295
vt 26.9448 -5.3362
vt 26.9448 -5.32295
vt 26.95901 -5.32538
vt 26.95864 -5.35027
vt 26.94917 -5.3448
vt 26.94917 -5.34789
vt 26.9449 -5.34994
vt 23.82418 -5.34788
vt 23.82847 -5.34479
vt 23.82847 -5.34788
vt 23.82418 -5.34479
vt 23.82418 -6.39304
vt 23.82847 -6.38334
vt 23.82847 -6.39304
vt 23.82418 -6.38334
vt 23.82418 -5.33618
vt 23.82847 -5.32293
vt 23.82847 -5.33618
vt 23.82418 -5.32293
vt 26.8007 -5.32293
vt 26.7993 -5.25097
vt 26.8007 -5.25014
vt 26.79028 -5.25097
vt 26.75527 -5.30271
vt 26.8007 -5.23499
vt 26.8007 -5.02238
vt 26.79211 -5.23499
vt 26.79028 -5.23615
vt 26.99424 -5.00108
vt 26.89688 -5.02238
vt 26.99424 -5.32536
vt 26.90547 -5.23499
vt 26.90828 -5.2383
vt 26.90828 -5.25197
vt 26.8984 -5.25197
vt 26.94593 -5.32293
vt 26.95903 -5.32536
vt 26.89643 -5.32293
vt 26.89643 -5.24964
vt 26.89688 -5.23499
vt 23.89489 -5.32326
vt 23.90477 -5.24997
vt 23.90477 -5.32326
vt 23.89489 -5.24997
vt 23.78409 -5.23622
vt 23.79353 -5.02361
vt 23.79353 -5.23622
vt 23.78409 -5.02361
vt 26.89544 -5.0121
vt 26.79926 -5.0218
vt 26.79926 -5.0121
vt 26.89544 -5.0218
vt 25.77059 -5.02197
vt 25.76114 -5.23457
vt 25.76114 -5.02197
vt 25.77059 -5.23457
vt 25.8018 -5.25022
vt 25.79192 -5.32302
vt 25.79192 -5.25022
vt 25.8018 -5.32302
vt 22.42162 -5.87098
vt 22.51735 -5.86084
vt 22.51735 -5.87098
vt 22.42162 -5.86084
vt 26.80153 -5.24964
vt 22.42116 -5.87054
vt 22.51735 -5.87054
vt 22.42116 -5.86084
vt 25.49601 -3.22073
vt 25.50589 -3.22172
vt 25.49601 -3.22172
vt 25.50589 -3.22073
vt 14.95341 -6.34976
vt 14.94351 -6.34976
vt 14.94413 -6.34975
vt 14.95341 -6.50659
vt 14.94351 -6.50659
vt 33.95628 -4.35234
vt 33.95256 -4.50515
vt 33.95256 -4.35221
vt 33.95873 -4.35242
vt 33.96187 -4.35253
vt 33.96249 -4.35255
vt 33.96249 -4.42699
vt 33.96249 -4.50515
vt 22.35098 -5.85863
vt 22.38146 -5.85334
vt 22.38146 -5.85863
vt 22.35098 -5.85334
vt 26.8993 -5.74787
vt 26.8361 -5.75734
vt 26.86487 -5.75734
vt 26.90421 -5.53549
vt 26.79515 -5.52225
vt 26.90421 -5.52225
vt 26.79515 -5.53549
vt 26.83734 -5.96242
vt 26.8601 -5.96242
vt 26.86381 -5.97729
vt 26.83376 -5.97729
vt 22.4807 -5.85202
vt 22.45794 -5.84011
vt 22.4807 -5.84011
vt 22.45794 -5.85202
vt 35.86053 -10.96286
vt 35.84264 -10.91451
vt 35.85581 -10.91451
vt 35.838 -10.96286
vt 25.47798 -5.99051
vt 25.48656 -5.99838
vt 25.47798 -5.99838
vt 25.48656 -5.99051
vt 26.99424 -5.99838
vt 26.72027 -5.99838
vt 26.72027 -5.99052
vt 26.02582 -5.98139
vt 26.71571 -5.98139
vt 26.01992 -5.99838
vt 26.72027 -5.99838
usemtl mat1
f 110/63/21 111/64/21 112/65/21
f 111/64/21 110/63/21 113/66/21
f 113/66/21 110/63/21 114/67/21
f 113/66/21 114/67/21 115/68/21
f 113/66/21 115/68/21 116/69/21
f 116/69/21 115/68/21 117/70/21
f 117/70/21 115/68/21 118/71/21
f 117/70/21 118/71/21 119/72/21
f 117/70/21 119/72/21 120/73/21
f 117/70/21 120/73/21 121/74/21
f 121/74/21 120/73/21 122/75/21
f 122/75/21 120/73/21 123/76/21
f 122/75/21 123/76/21 124/77/21
f 124/77/21 123/76/21 125/78/21
f 124/77/21 125/78/21 126/79/21
f 124/77/21 126/79/21 127/80/21
f 127/80/21 126/79/21 128/81/21
f 127/80/21 128/81/21 129/82/21
f 129/82/21 128/81/21 130/83/21
f 129/82/21 130/83/21 131/84/21
f 131/84/21 130/83/21 132/85/21
f 131/84/21 132/85/21 133/86/21
f 133/86/21 132/85/21 134/87/21
f 133/86/21 134/87/21 135/88/21
f 135/88/21 134/87/21 136/89/21
f 136/89/21 134/87/21 137/90/21
f 136/89/21 137/90/21 138/91/21
f 136/89/21 138/91/21 139/92/21
f 140/93/21 141/94/21 142/95/21
f 141/94/21 140/93/21 143/96/21
f 143/96/21 140/93/21 144/97/21
f 143/96/21 144/97/21 145/98/21
f 145/98/21 144/97/21 146/99/21
f 145/98/21 146/99/21 147/100/21
f 145/98/21 147/100/21 148/101/21
f 148/101/21 147/100/21 149/102/21
f 148/101/21 149/102/21 150/103/21
f 148/101/21 150/103/21 151/104/21
f 151/104/21 150/103/21 152/105/21
f 151/104/21 152/105/21 153/106/21
f 153/106/21 152/105/21 154/107/21
f 154/107/21 152/105/21 155/108/21
f 155/108/21 152/105/21 112/65/21
f 155/108/21 112/65/21 156/109/21
f 156/109/21 112/65/21 111/64/21
f 157/110/22 158/111/22 159/112/22
f 158/111/22 157/110/22 160/113/22
f 160/113/22 157/110/22 161/114/22
f 160/113/22 161/114/22 162/115/22
f 163/116/23 164/117/23 165/118/23
f 164/117/23 163/116/23 166/119/23
f 166/119/23 163/116/23 167/120/23
f 168/121/24 169/122/24 170/123/24
f 169/122/24 168/121/24 171/124/24
f 172/125/25 173/126/25 174/127/25
f 173/126/25 172/125/25 175/128/25
f 176/129/26 177/130/26 178/131/26
f 177/130/26 176/129/26 179/132/26
f 180/133/27 181/134/27 182/135/27
f 181/134/27 180/133/27 183/136/27
f 184/137/28 185/138/28 186/139/28
f 185/138/28 184/137/28 187/140/28
f 188/141/29 189/142/29 190/143/29
f 189/142/29 188/141/29 191/144/29
f 192/145/30 193/146/30 194/147/30
f 193/146/30 192/145/30 195/148/30
f 196/149/31 197/150/31 198/151/31
f 197/150/31 196/149/31 199/152/31
f 199/152/31 196/149/31 200/153/31
f 201/154/32 202/155/32 203/156/32
f 204/157/32 205/158/32 206/159/32
f 207/160/32 208/161/32 209/162/32
f 210/66/32 211/109/32 212/64/32
f 213/163/32 214/164/32 215/165/32
f 214/164/32 213/163/32 216/166/32
f 216/166/32 213/163/32 217/167/32
f 216/166/32 217/167/32 218/168/32
f 218/168/32 217/167/32 208/161/32
f 218/168/32 208/161/32 219/169/32
f 219/169/32 208/161/32 220/170/32
f 220/170/32 208/161/32 207/160/32
f 219/169/32 220/170/32 221/171/32
f 219/169/32 221/171/32 222/172/32
f 222/172/32 221/171/32 223/173/32
f 224/174/32 225/175/32 226/176/32
f 225/175/32 224/174/32 227/177/32
f 225/175/32 227/177/32 228/178/32
f 228/178/32 227/177/32 202/155/32
f 228/178/32 202/155/32 229/179/32
f 229/179/32 202/155/32 201/154/32
f 228/178/32 229/179/32 205/158/32
f 228/178/32 205/158/32 216/166/32
f 216/166/32 205/158/32 230/180/32
f 230/180/32 205/158/32 204/157/32
f 216/166/32 230/180/32 214/164/32
f 231/181/32 221/171/32 232/182/32
f 221/171/32 231/181/32 223/173/32
f 223/173/32 231/181/32 233/183/32
f 233/183/32 231/181/32 234/184/32
f 234/184/32 231/181/32 235/185/32
f 235/185/32 231/181/32 236/186/32
f 236/186/32 231/181/32 237/187/32
f 236/186/32 237/187/32 238/188/32
f 238/188/32 237/187/32 239/189/32
f 238/188/32 239/189/32 240/190/32
f 238/188/32 240/190/32 241/191/32
f 241/191/32 240/190/32 242/192/32
f 241/191/32 242/192/32 243/193/32
f 243/193/32 242/192/32 244/194/32
f 244/194/32 242/192/32 245/195/32
f 245/195/32 242/192/32 246/196/32
f 246/196/32 242/192/32 247/197/32
f 246/196/32 248/198/32 249/199/32
f 248/198/32 246/196/32 247/197/32
f 249/199/32 248/198/32 250/200/32
f 249/199/32 250/200/32 251/201/32
f 251/201/32 250/200/32 252/202/32
f 252/202/32 250/200/32 253/203/32
f 252/202/32 253/203/32 254/204/32
f 254/204/32 253/203/32 255/205/32
f 255/205/32 253/203/32 256/206/32
f 256/206/32 253/203/32 257/207/32
f 257/207/32 253/203/32 258/208/32
f 259/209/32 260/210/32 261/211/32
f 260/210/32 259/209/32 262/212/32
f 262/212/32 259/209/32 263/213/32
f 262/212/32 263/213/32 264/214/32
f 262/212/32 264/214/32 265/215/32
f 265/215/32 264/214/32 266/216/32
f 265/215/32 266/216/32 258/208/32
f 265/215/32 258/208/32 253/203/32
f 265/215/32 253/203/32 267/217/32
f 265/215/32 267/217/32 268/218/32
f 268/218/32 267/217/32 269/219/32
f 269/219/32 267/217/32 270/220/32
f 269/219/32 270/220/32 271/221/32
f 271/221/32 270/220/32 272/222/32
f 272/222/32 270/220/32 273/223/32
f 272/222/32 273/223/32 274/224/32
f 274/224/32 273/223/32 275/225/32
f 274/224/32 275/225/32 276/226/32
f 276/226/32 275/225/32 277/227/32
f 276/226/32 277/227/32 278/228/32
f 276/226/32 278/228/32 279/229/32
f 279/229/32 278/228/32 280/230/32
f 279/229/32 280/230/32 281/231/32
f 281/231/32 280/230/32 282/232/32
f 281/231/32 282/232/32 283/233/32
f 283/233/32 282/232/32 284/234/32
f 285/235/32 286/236/32 287/237/32
f 286/236/32 285/235/32 288/93/32
f 288/93/32 285/235/32 289/97/32
f 289/97/32 285/235/32 290/238/32
f 289/97/32 290/238/32 291/99/32
f 291/99/32 290/238/32 292/100/32
f 292/100/32 290/238/32 293/239/32
f 292/100/32 293/239/32 294/102/32
f 294/102/32 293/239/32 295/103/32
f 295/103/32 293/239/32 296/240/32
f 295/103/32 296/240/32 297/105/32
f 297/105/32 296/240/32 298/241/32
f 297/105/32 298/241/32 299/242/32
f 297/105/32 299/242/32 300/243/32
f 297/105/32 300/243/32 301/65/32
f 301/65/32 300/243/32 302/244/32
f 301/65/32 302/244/32 303/63/32
f 303/63/32 302/244/32 304/245/32
f 303/63/32 304/245/32 305/246/32
f 303/63/32 305/246/32 306/67/32
f 306/67/32 305/246/32 307/68/32
f 307/68/32 305/246/32 308/247/32
f 307/68/32 308/247/32 309/71/32
f 309/71/32 308/247/32 310/248/32
f 309/71/32 310/248/32 311/72/32
f 311/72/32 310/248/32 312/73/32
f 312/73/32 310/248/32 313/249/32
f 312/73/32 313/249/32 314/250/32
f 312/73/32 314/250/32 315/76/32
f 315/76/32 314/250/32 316/251/32
f 315/76/32 316/251/32 317/78/32
f 317/78/32 316/251/32 318/79/32
f 318/79/32 316/251/32 319/252/32
f 318/79/32 319/252/32 320/81/32
f 320/81/32 319/252/32 261/211/32
f 320/81/32 261/211/32 321/83/32
f 321/83/32 261/211/32 260/210/32
f 321/83/32 260/210/32 322/253/32
f 321/83/32 322/253/32 323/85/32
f 323/85/32 322/253/32 324/87/32
f 324/87/32 322/253/32 325/254/32
f 324/87/32 325/254/32 326/90/32
f 326/90/32 325/254/32 327/91/32
f 327/91/32 325/254/32 328/92/32
f 329/80/32 330/255/32 331/77/32
f 330/255/32 329/80/32 332/256/32
f 332/256/32 329/80/32 333/82/32
f 332/256/32 333/82/32 334/84/32
f 332/256/32 334/84/32 335/257/32
f 335/257/32 334/84/32 336/86/32
f 335/257/32 336/86/32 337/258/32
f 337/258/32 336/86/32 338/88/32
f 337/258/32 338/88/32 339/89/32
f 337/258/32 339/89/32 328/92/32
f 337/258/32 328/92/32 340/259/32
f 340/259/32 328/92/32 325/254/32
f 340/259/32 325/254/32 341/260/32
f 340/259/32 341/260/32 342/261/32
f 342/261/32 341/260/32 343/262/32
f 343/262/32 341/260/32 344/263/32
f 343/262/32 344/263/32 345/264/32
f 345/264/32 344/263/32 346/265/32
f 346/265/32 344/263/32 347/266/32
f 346/265/32 347/266/32 348/267/32
f 348/267/32 347/266/32 349/268/32
f 348/267/32 349/268/32 350/269/32
f 350/269/32 349/268/32 351/270/32
f 350/269/32 351/270/32 352/271/32
f 352/271/32 351/270/32 353/272/32
f 352/271/32 353/272/32 354/273/32
f 354/273/32 353/272/32 355/274/32
f 354/273/32 355/274/32 356/275/32
f 356/275/32 355/274/32 357/276/32
f 356/275/32 357/276/32 358/277/32
f 359/96/32 360/278/32 361/279/32
f 360/278/32 359/96/32 362/280/32
f 362/280/32 359/96/32 363/98/32
f 362/280/32 363/98/32 364/101/32
f 362/280/32 364/101/32 365/104/32
f 362/280/32 365/104/32 366/106/32
f 362/280/32 366/106/32 367/107/32
f 362/280/32 367/107/32 368/108/32
f 362/280/32 368/108/32 211/109/32
f 362/280/32 211/109/32 369/69/32
f 369/69/32 211/109/32 210/66/32
f 362/280/32 369/69/32 370/70/32
f 362/280/32 370/70/32 371/74/32
f 362/280/32 371/74/32 372/75/32
f 362/280/32 372/75/32 331/77/32
f 362/280/32 331/77/32 330/255/32
f 373/281/23 374/282/23 375/283/23
f 374/282/23 373/281/23 376/284/23
f 377/285/33 378/286/33 379/287/33
f 378/286/33 377/285/33 380/288/33
f 381/289/25 382/290/25 383/291/25
f 382/290/25 381/289/25 384/292/25
f 385/293/34 386/294/34 387/295/34
f 386/294/34 385/293/34 388/296/34
f 389/297/27 390/298/27 391/299/27
f 390/298/27 389/297/27 392/300/27
f 393/301/35 394/302/35 395/303/35
f 394/302/35 393/301/35 396/304/35
f 397/305/36 398/306/36 399/307/36
f 398/306/36 397/305/36 400/308/36
f 401/309/23 402/310/23 403/311/23
f 402/310/23 401/309/23 404/312/23
f 405/313/23 406/314/23 407/315/23
f 406/314/23 405/313/23 408/316/23
f 409/317/37 410/318/37 411/319/37
f 410/318/37 409/317/37 412/320/37
f 413/321/23 414/322/23 415/323/23
f 414/322/23 413/321/23 416/324/23
f 417/325/27 418/326/27 419/327/27
f 418/326/27 417/325/27 420/328/27
f 421/329/22 422/330/22 423/331/22
f 422/330/22 421/329/22 424/332/22
f 424/332/22 421/329/22 425/333/22
f 426/334/31 427/335/31 428/336/31
f 427/335/31 426/334/31 429/337/31
f 429/337/31 426/334/31 430/338/31
f 431/339/36 432/340/36 433/341/36
f 432/340/36 431/339/36 434/342/36
f 435/343/23 436/344/23 437/345/23
f 436/344/23 435/343/23 438/346/23
f 439/347/38 440/348/38 441/349/38
f 440/348/38 439/347/38 442/350/38
f 442/350/38 439/347/38 443/351/38
f 444/352/39 445/353/39 446/354/39
f 445/353/39 444/352/39 447/355/39
f 448/356/40 449/357/40 450/358/40
f 449/357/40 448/356/40 451/359/40
f 452/360/23 453/361/23 454/362/23
f 453/361/23 452/360/23 455/363/23
f 455/363/23 452/360/23 456/364/23
f 457/178/41 458/365/41 459/366/41
f 458/365/41 457/178/41 460/235/41
f 460/235/41 457/178/41 461/166/41
f 460/235/41 461/166/41 462/238/41
f 462/238/41 461/166/41 463/168/41
f 462/238/41 463/168/41 464/169/41
f 462/238/41 464/169/41 465/239/41
f 465/239/41 464/169/41 466/172/41
f 465/239/41 466/172/41 467/173/41
f 465/239/41 467/173/41 468/240/41
f 468/240/41 467/173/41 469/183/41
f 468/240/41 469/183/41 470/241/41
f 470/241/41 469/183/41 471/242/41
f 471/242/41 469/183/41 472/243/41
f 472/243/41 469/183/41 473/184/41
f 472/243/41 473/184/41 474/244/41
f 474/244/41 473/184/41 475/185/41
f 474/244/41 475/185/41 476/245/41
f 476/245/41 475/185/41 477/246/41
f 477/246/41 475/185/41 478/186/41
f 477/246/41 478/186/41 479/188/41
f 477/246/41 479/188/41 480/247/41
f 480/247/41 479/188/41 481/191/41
f 480/247/41 481/191/41 482/248/41
f 482/248/41 481/191/41 483/193/41
f 482/248/41 483/193/41 484/194/41
f 482/248/41 484/194/41 485/249/41
f 485/249/41 484/194/41 486/250/41
f 486/250/41 484/194/41 487/195/41
f 486/250/41 487/195/41 488/251/41
f 488/251/41 487/195/41 489/196/41
f 488/251/41 489/196/41 490/199/41
f 488/251/41 490/199/41 491/252/41
f 491/252/41 490/199/41 492/201/41
f 491/252/41 492/201/41 493/211/41
f 493/211/41 492/201/41 494/202/41
f 493/211/41 494/202/41 495/209/41
f 495/209/41 494/202/41 496/204/41
f 495/209/41 496/204/41 497/213/41
f 497/213/41 496/204/41 498/205/41
f 497/213/41 498/205/41 499/214/41
f 499/214/41 498/205/41 500/216/41
f 500/216/41 498/205/41 501/206/41
f 500/216/41 501/206/41 502/207/41
f 500/216/41 502/207/41 503/208/41
f 504/367/23 505/368/23 506/369/23
f 505/368/23 504/367/23 507/370/23
f 508/371/42 509/372/42 510/373/42
f 509/372/42 508/371/42 511/374/42
f 512/375/43 513/376/43 514/377/43
f 513/376/43 512/375/43 515/378/43
f 515/378/43 512/375/43 516/379/43
f 515/378/43 516/379/43 517/380/43
f 515/378/43 517/380/43 518/381/43
f 515/378/43 518/381/43 519/382/43
f 515/378/43 519/382/43 520/383/43
f 515/378/43 520/383/43 521/384/43
f 515/378/43 521/384/43 522/385/43
f 515/378/43 522/385/43 523/386/43
f 515/378/43 523/386/43 524/387/43
f 525/388/44 526/389/44 527/390/44
f 526/389/44 525/388/44 528/391/44
f 528/391/44 525/388/44 529/392/44
f 528/391/44 529/392/44 530/393/44
f 530/393/44 529/392/44 531/394/44
f 530/393/44 531/394/44 532/395/44
f 532/395/44 531/394/44 533/396/44
f 532/395/44 533/396/44 534/397/44
f 534/397/44 533/396/44 535/398/44
f 534/397/44 535/398/44 536/399/44
f 536/399/44 535/398/44 537/400/44
f 536/399/44 537/400/44 538/401/44
f 538/401/44 537/400/44 539/402/44
f 539/402/44 537/400/44 540/403/44
f 539/402/44 540/403/44 541/404/44
f 541/404/44 540/403/44 542/405/44
f 541/404/44 542/405/44 543/406/44
f 543/406/44 542/405/44 544/407/44
f 543/406/44 544/407/44 545/408/44
f 545/408/44 544/407/44 546/409/44
f 545/408/44 546/409/44 547/410/44
f 547/410/44 546/409/44 548/411/44
f 549/412/43 550/198/43 551/197/43
f 550/198/43 549/412/43 552/200/43
f 552/200/43 549/412/43 553/413/43
f 552/200/43 553/413/43 554/203/43
f 554/203/43 553/413/43 555/414/43
f 554/203/43 555/414/43 556/415/43
f 554/203/43 556/415/43 557/217/43
f 557/217/43 556/415/43 558/416/43
f 557/217/43 558/416/43 559/220/43
f 559/220/43 558/416/43 560/417/43
f 559/220/43 560/417/43 561/223/43
f 561/223/43 560/417/43 562/418/43
f 561/223/43 562/418/43 563/225/43
f 563/225/43 562/418/43 564/419/43
f 563/225/43 564/419/43 565/227/43
f 565/227/43 564/419/43 566/420/43
f 565/227/43 566/420/43 567/228/43
f 567/228/43 566/420/43 568/421/43
f 567/228/43 568/421/43 569/422/43
f 567/228/43 569/422/43 570/230/43
f 570/230/43 569/422/43 571/423/43
f 570/230/43 571/423/43 572/232/43
f 572/232/43 571/423/43 573/424/43
f 572/232/43 573/424/43 574/234/43
f 575/212/43 576/253/43 577/210/43
f 576/253/43 575/212/43 578/254/43
f 578/254/43 575/212/43 579/389/43
f 579/389/43 575/212/43 580/390/43
f 578/254/43 579/389/43 581/391/43
f 578/254/43 581/391/43 582/260/43
f 582/260/43 581/391/43 583/393/43
f 582/260/43 583/393/43 584/263/43
f 584/263/43 583/393/43 585/395/43
f 584/263/43 585/395/43 586/397/43
f 584/263/43 586/397/43 587/266/43
f 587/266/43 586/397/43 588/268/43
f 588/268/43 586/397/43 589/399/43
f 588/268/43 589/399/43 590/270/43
f 590/270/43 589/399/43 591/401/43
f 590/270/43 591/401/43 592/272/43
f 592/272/43 591/401/43 593/402/43
f 592/272/43 593/402/43 594/274/43
f 594/274/43 593/402/43 595/404/43
f 594/274/43 595/404/43 596/276/43
f 596/276/43 595/404/43 597/406/43
f 596/276/43 597/406/43 598/408/43
f 596/276/43 598/408/43 599/277/43
f 600/215/43 580/390/43 575/212/43
f 580/390/43 600/215/43 601/388/43
f 601/388/43 600/215/43 602/392/43
f 602/392/43 600/215/43 603/218/43
f 602/392/43 603/218/43 604/219/43
f 602/392/43 604/219/43 605/394/43
f 605/394/43 604/219/43 606/221/43
f 605/394/43 606/221/43 607/396/43
f 607/396/43 606/221/43 608/222/43
f 607/396/43 608/222/43 609/398/43
f 609/398/43 608/222/43 610/224/43
f 609/398/43 610/224/43 611/226/43
f 609/398/43 611/226/43 612/400/43
f 612/400/43 611/226/43 613/229/43
f 612/400/43 613/229/43 614/403/43
f 614/403/43 613/229/43 615/405/43
f 615/405/43 613/229/43 616/231/43
f 615/405/43 616/231/43 617/407/43
f 617/407/43 616/231/43 618/233/43
f 617/407/43 618/233/43 574/234/43
f 617/407/43 574/234/43 619/409/43
f 619/409/43 574/234/43 573/424/43
f 619/409/43 573/424/43 620/425/43
f 619/409/43 620/425/43 621/411/43
f 621/411/43 620/425/43 622/410/43
f 623/426/43 624/427/43 625/428/43
f 624/427/43 623/426/43 626/429/43
f 627/430/43 628/431/43 629/432/43
f 628/431/43 627/430/43 620/425/43
f 620/425/43 627/430/43 630/433/43
f 630/433/43 627/430/43 631/434/43
f 632/258/43 633/377/43 634/257/43
f 633/377/43 632/258/43 635/375/43
f 635/375/43 632/258/43 636/259/43
f 635/375/43 636/259/43 637/379/43
f 637/379/43 636/259/43 638/261/43
f 637/379/43 638/261/43 639/380/43
f 639/380/43 638/261/43 640/262/43
f 639/380/43 640/262/43 641/264/43
f 639/380/43 641/264/43 642/381/43
f 642/381/43 641/264/43 643/265/43
f 642/381/43 643/265/43 644/382/43
f 644/382/43 643/265/43 645/267/43
f 644/382/43 645/267/43 646/269/43
f 644/382/43 646/269/43 647/383/43
f 647/383/43 646/269/43 648/271/43
f 647/383/43 648/271/43 649/384/43
f 649/384/43 648/271/43 650/273/43
f 649/384/43 650/273/43 651/385/43
f 651/385/43 650/273/43 652/275/43
f 651/385/43 652/275/43 599/277/43
f 651/385/43 599/277/43 653/386/43
f 653/386/43 599/277/43 598/408/43
f 653/386/43 598/408/43 622/410/43
f 653/386/43 622/410/43 654/387/43
f 654/387/43 622/410/43 655/378/43
f 655/378/43 622/410/43 630/433/43
f 655/378/43 630/433/43 656/435/43
f 630/433/43 622/410/43 620/425/43
f 656/435/43 630/433/43 657/436/43
f 658/256/43 659/280/43 660/255/43
f 659/280/43 658/256/43 661/376/43
f 661/376/43 658/256/43 634/257/43
f 661/376/43 634/257/43 633/377/43
f 662/437/22 663/438/22 664/439/22
f 663/438/22 662/437/22 665/440/22
f 666/441/45 667/442/45 668/443/45
f 667/442/45 666/441/45 669/426/45
f 669/426/45 666/441/45 670/429/45
f 671/444/45 672/445/45 673/446/45
f 672/445/45 671/444/45 674/447/45
f 675/448/45 676/449/45 677/450/45
f 676/449/45 675/448/45 678/451/45
f 679/452/45 680/453/45 681/454/45
f 680/453/45 679/452/45 682/455/45
f 683/456/45 684/457/45 685/458/45
f 684/457/45 683/456/45 686/459/45
f 687/460/45 688/461/45 689/462/45
f 688/461/45 687/460/45 690/463/45
f 691/464/45 692/465/45 693/466/45
f 692/465/45 691/464/45 694/467/45
f 695/468/45 696/469/45 697/470/45
f 696/469/45 695/468/45 698/471/45
f 699/472/45 700/473/45 701/433/45
f 700/473/45 699/472/45 702/474/45
f 700/473/45 702/474/45 703/475/45
f 703/475/45 702/474/45 704/476/45
f 704/476/45 702/474/45 705/477/45
f 704/476/45 705/477/45 706/478/45
f 704/476/45 706/478/45 707/479/45
f 707/479/45 706/478/45 708/480/45
f 708/480/45 706/478/45 709/481/45
f 707/479/45 708/480/45 710/482/45
f 704/476/45 707/479/45 711/483/45
f 711/483/45 707/479/45 712/484/45
f 704/476/45 711/483/45 713/485/45
f 704/476/45 713/485/45 714/486/45
f 715/487/45 716/488/45 717/489/45
f 716/488/45 715/487/45 718/490/45
f 716/488/45 718/490/45 719/491/45
f 716/488/45 719/491/45 720/492/45
f 720/492/45 719/491/45 721/493/45
f 721/493/45 719/491/45 722/494/45
f 723/495/45 724/496/45 725/497/45
f 724/496/45 723/495/45 670/429/45
f 724/496/45 670/429/45 666/441/45
f 724/496/45 666/441/45 726/498/45
f 727/499/45 728/500/45 729/501/45
f 728/500/45 727/499/45 730/502/45
f 730/502/45 727/499/45 731/503/45
f 731/503/45 727/499/45 732/504/45
f 733/505/45 734/506/45 669/426/45
f 734/506/45 733/505/45 735/507/45
f 669/426/45 734/506/45 667/442/45
f 736/432/45 737/508/45 738/509/45
f 737/508/45 736/432/45 739/510/45
f 738/509/45 737/508/45 735/507/45
f 735/507/45 737/508/45 728/500/45
f 738/509/45 735/507/45 733/505/45
f 735/507/45 728/500/45 730/502/45
f 740/511/45 741/512/45 742/513/45
f 741/512/45 740/511/45 743/514/45
f 670/429/45 723/495/45 744/515/45
f 745/516/45 746/517/45 747/518/45
f 746/517/45 745/516/45 740/511/45
f 740/511/45 745/516/45 739/510/45
f 740/511/45 739/510/45 743/514/45
f 743/514/45 739/510/45 748/519/45
f 748/519/45 739/510/45 736/432/45
f 739/510/45 745/516/45 749/520/45
f 749/520/45 745/516/45 750/521/45
f 750/521/45 745/516/45 751/522/45
f 751/522/45 745/516/45 727/499/45
f 727/499/45 745/516/45 732/504/45
f 732/504/45 745/516/45 752/523/45
f 752/523/45 745/516/45 726/498/45
f 726/498/45 745/516/45 724/496/45
f 724/496/45 745/516/45 753/524/45
f 753/524/45 745/516/45 709/481/45
f 753/524/45 709/481/45 754/525/45
f 754/525/45 709/481/45 722/494/45
f 722/494/45 709/481/45 721/493/45
f 721/493/45 709/481/45 755/526/45
f 755/526/45 709/481/45 706/478/45
f 709/481/45 745/516/45 756/527/45
f 756/527/45 745/516/45 757/528/45
f 757/528/45 745/516/45 758/529/45
f 758/529/45 745/516/45 759/530/45
f 708/480/45 760/531/45 710/482/45
f 760/531/45 708/480/45 761/532/45
f 760/531/45 761/532/45 762/533/45
f 762/533/45 761/532/45 763/534/45
f 763/534/45 761/532/45 764/535/45
f 763/534/45 764/535/45 759/530/45
f 763/534/45 759/530/45 745/516/45
f 765/536/45 760/531/45 762/533/45
f 766/537/45 767/538/45 768/539/45
f 767/538/45 766/537/45 769/540/45
f 770/541/45 771/542/45 772/543/45
f 771/542/45 770/541/45 773/544/45
f 774/545/45 775/546/45 776/547/45
f 775/546/45 774/545/45 777/548/45
f 710/482/45 778/549/45 779/550/45
f 778/549/45 710/482/45 760/531/45
f 779/550/45 778/549/45 780/551/45
f 781/552/45 748/519/45 736/432/45
f 782/553/46 783/554/46 784/555/46
f 783/554/46 782/553/46 785/556/46
f 786/557/47 787/558/47 788/559/47
f 787/558/47 786/557/47 789/560/47
f 790/561/48 791/562/48 792/563/48
f 791/562/48 790/561/48 793/564/48
f 794/565/49 795/566/49 796/567/49
f 795/566/49 794/565/49 797/568/49
f 748/519/43 798/569/43 799/570/43
f 800/571/43 801/572/43 802/412/43
f 801/572/43 800/571/43 803/573/43
f 803/573/43 800/571/43 798/569/43
f 803/573/43 798/569/43 748/519/43
f 803/573/43 748/519/43 781/552/43
f 804/574/50 805/575/50 806/576/50
f 805/575/50 804/574/50 807/577/50
f 805/575/50 807/577/50 808/578/50
f 805/575/50 808/578/50 809/579/50
f 805/575/50 809/579/50 810/580/50
f 743/514/43 799/570/43 811/581/43
f 799/570/43 743/514/43 748/519/43
f 812/582/51 813/583/51 814/584/51
f 813/583/51 812/582/51 815/585/51
f 816/586/52 812/582/52 817/587/52
f 812/582/52 816/586/52 818/588/52
f 819/536/53 820/539/53 821/531/53
f 820/539/53 819/536/53 822/537/53
f 822/537/53 819/536/53 823/540/53
f 823/540/53 819/536/53 824/541/53
f 824/541/53 819/536/53 825/544/53
f 825/544/53 819/536/53 826/545/53
f 826/545/53 819/536/53 827/548/53
f 827/548/53 819/536/53 828/551/53
f 828/551/53 819/536/53 829/550/53
f 829/550/53 819/536/53 830/444/53
f 830/444/53 819/536/53 831/447/53
f 831/447/53 819/536/53 832/448/53
f 832/448/53 819/536/53 833/589/53
f 833/589/53 819/536/53 834/590/53
f 834/590/53 819/536/53 835/591/53
f 835/591/53 819/536/53 836/592/53
f 836/592/53 819/536/53 837/593/53
f 837/593/53 819/536/53 838/594/53
f 838/594/53 819/536/53 839/595/53
f 839/595/53 819/536/53 840/464/53
f 840/464/53 819/536/53 841/467/53
f 842/596/53 819/536/53 843/533/53
f 819/536/53 842/596/53 844/468/53
f 844/468/53 842/596/53 845/471/53
f 845/471/53 842/596/53 846/484/53
f 846/484/53 842/596/53 847/483/53
f 847/483/53 842/596/53 848/485/53
f 848/485/53 842/596/53 849/597/53
f 845/471/53 850/479/53 851/469/53
f 850/479/53 845/471/53 846/484/53
f 841/467/53 852/470/53 853/465/53
f 852/470/53 841/467/53 844/468/53
f 844/468/53 841/467/53 819/536/53
f 839/595/53 854/466/53 855/461/53
f 854/466/53 839/595/53 840/464/53
f 837/593/53 856/462/53 857/457/53
f 856/462/53 837/593/53 838/594/53
f 835/591/53 858/458/53 859/453/53
f 858/458/53 835/591/53 836/592/53
f 833/589/53 860/454/53 861/449/53
f 860/454/53 833/589/53 834/590/53
f 831/447/53 862/450/53 863/445/53
f 862/450/53 831/447/53 832/448/53
f 829/550/53 864/446/53 865/482/53
f 864/446/53 829/550/53 830/444/53
f 827/548/53 866/549/53 867/546/53
f 866/549/53 827/548/53 828/551/53
f 825/544/53 868/547/53 869/542/53
f 868/547/53 825/544/53 826/545/53
f 823/540/53 870/543/53 871/538/53
f 870/543/53 823/540/53 824/541/53
f 872/598/54 873/599/54 874/600/54
f 873/599/54 872/598/54 875/601/54
f 874/600/54 873/599/54 876/602/54
f 874/600/54 876/602/54 877/603/54
f 877/603/54 876/602/54 878/604/54
f 877/603/54 878/604/54 879/605/54
f 880/606/54 875/601/54 872/598/54
f 875/601/54 880/606/54 881/488/54
f 875/601/54 881/488/54 882/607/54
f 882/607/54 881/488/54 883/608/54
f 883/608/54 881/488/54 878/604/54
f 878/604/54 881/488/54 884/474/54
f 884/474/54 881/488/54 885/477/54
f 885/477/54 881/488/54 886/492/54
f 885/477/54 886/492/54 887/478/54
f 887/478/54 886/492/54 888/493/54
f 889/472/54 890/609/54 884/474/54
f 890/609/54 889/472/54 880/606/54
f 890/609/54 880/606/54 872/598/54
f 884/474/54 890/609/54 891/610/54
f 884/474/54 891/610/54 879/605/54
f 884/474/54 879/605/54 878/604/54
f 892/611/55 893/612/55 894/613/55
f 893/612/55 892/611/55 895/614/55
f 894/613/55 893/612/55 896/615/55
f 894/613/55 896/615/55 897/616/55
f 897/616/55 896/615/55 898/617/55
f 897/616/55 898/617/55 899/618/55
f 900/497/55 895/614/55 892/611/55
f 895/614/55 900/497/55 901/619/55
f 895/614/55 901/619/55 902/620/55
f 902/620/55 901/619/55 903/621/55
f 903/621/55 901/619/55 898/617/55
f 898/617/55 901/619/55 904/622/55
f 904/622/55 901/619/55 905/623/55
f 905/623/55 901/619/55 906/524/55
f 905/623/55 906/524/55 907/525/55
f 905/623/55 907/525/55 908/624/55
f 909/625/55 910/626/55 904/622/55
f 910/626/55 909/625/55 900/497/55
f 910/626/55 900/497/55 892/611/55
f 904/622/55 910/626/55 911/627/55
f 904/622/55 911/627/55 899/618/55
f 904/622/55 899/618/55 898/617/55
f 803/573/43 912/413/43 801/572/43
f 912/413/43 803/573/43 913/414/43
f 913/414/43 803/573/43 914/415/43
f 914/415/43 803/573/43 915/416/43
f 915/416/43 803/573/43 916/417/43
f 916/417/43 803/573/43 917/418/43
f 917/418/43 803/573/43 918/419/43
f 918/419/43 803/573/43 919/420/43
f 919/420/43 803/573/43 920/421/43
f 920/421/43 803/573/43 921/422/43
f 921/422/43 803/573/43 922/423/43
f 922/423/43 803/573/43 923/424/43
f 923/424/43 803/573/43 924/425/43
f 925/628/56 926/629/56 927/630/56
f 926/629/56 925/628/56 928/631/56
f 928/631/56 925/628/56 929/632/56
f 930/633/57 931/634/57 932/635/57
f 931/634/57 930/633/57 933/636/57
f 934/637/43 935/412/43 936/197/43
f 935/412/43 934/637/43 937/638/43
f 934/637/43 938/639/43 937/638/43
f 938/639/43 934/637/43 939/192/43
f 938/639/43 939/192/43 940/640/43
f 938/639/43 940/640/43 941/641/43
f 938/639/43 941/641/43 942/642/43
f 937/638/43 938/639/43 943/643/43
f 937/638/43 943/643/43 944/571/43
f 945/644/58 946/645/58 947/646/58
f 946/645/58 945/644/58 948/647/58
f 948/647/58 945/644/58 949/648/58
f 949/648/58 945/644/58 950/649/58
f 949/648/58 950/649/58 951/650/58
f 951/650/58 950/649/58 952/651/58
f 952/651/58 950/649/58 953/652/58
f 952/651/58 953/652/58 954/653/58
f 952/651/58 954/653/58 955/654/58
f 955/654/58 954/653/58 956/655/58
f 956/655/58 954/653/58 957/656/58
f 958/657/59 959/658/59 960/659/59
f 959/658/59 958/657/59 961/660/59
f 959/658/59 961/660/59 962/661/59
f 959/658/59 962/661/59 963/662/59
f 963/662/59 962/661/59 964/663/59
f 964/663/59 962/661/59 965/664/59
f 966/665/23 967/666/23 968/667/23
f 967/666/23 966/665/23 969/668/23
f 970/669/60 971/670/60 972/671/60
f 971/670/60 970/669/60 973/672/60
f 974/673/23 975/674/23 976/675/23
f 975/674/23 974/673/23 977/676/23
f 978/677/61 979/678/61 980/679/61
f 979/678/61 978/677/61 981/680/61
f 981/680/61 978/677/61 982/681/61
f 982/681/61 978/677/61 983/640/61
f 984/682/61 985/156/61 986/683/61
f 985/156/61 984/682/61 987/154/61
f 987/154/61 984/682/61 988/159/61
f 987/154/61 988/159/61 989/179/61
f 988/159/61 984/682/61 990/157/61
f 990/157/61 984/682/61 991/165/61
f 990/157/61 991/165/61 992/180/61
f 991/165/61 984/682/61 993/163/61
f 993/163/61 984/682/61 994/162/61
f 993/163/61 994/162/61 995/167/61
f 994/162/61 984/682/61 996/160/61
f 996/160/61 984/682/61 997/170/61
f 997/170/61 984/682/61 998/182/61
f 998/182/61 984/682/61 999/181/61
f 999/181/61 984/682/61 1000/187/61
f 1000/187/61 984/682/61 1001/189/61
f 1001/189/61 984/682/61 1002/190/61
f 1002/190/61 984/682/61 1003/684/61
f 1002/190/61 1003/684/61 1004/685/61
f 1002/190/61 1004/685/61 982/681/61
f 982/681/61 1004/685/61 981/680/61
f 1005/686/61 1006/687/61 1007/176/61
f 1006/687/61 1005/686/61 1008/688/61
f 1007/176/61 1006/687/61 1009/174/61
f 1009/174/61 1006/687/61 1010/177/61
f 1006/687/61 1008/688/61 1011/689/61
f 1011/689/61 1008/688/61 1012/690/61
f 1012/690/61 1008/688/61 1013/691/61
f 1013/691/61 1008/688/61 1014/692/61
f 1014/692/61 1008/688/61 1015/693/61
f 1015/693/61 1008/688/61 1016/694/61
f 1014/692/61 1017/695/61 1018/696/61
f 1017/695/61 1014/692/61 1015/693/61
f 1019/697/61 1006/687/61 1011/689/61
f 1020/171/61 997/170/61 998/182/61
f 1021/161/61 995/167/61 994/162/61
f 1022/164/61 992/180/61 991/165/61
f 1023/158/61 989/179/61 988/159/61
f 1010/177/61 986/683/61 1024/155/61
f 986/683/61 1010/177/61 1006/687/61
f 1024/155/61 986/683/61 985/156/61
f 1025/698/23 1026/699/23 1027/700/23
f 1026/699/23 1025/698/23 1028/701/23
f 1029/702/23 1030/703/23 1031/704/23
f 1030/703/23 1029/702/23 1032/705/23
f 1033/706/62 1034/707/62 1035/708/62
f 1034/707/62 1033/706/62 1036/709/62
f 1037/710/22 1038/711/22 1039/712/22
f 1038/711/22 1037/710/22 1040/713/22
f 1041/714/22 1042/715/22 1043/716/22
f 1042/715/22 1041/714/22 1044/717/22
f 1045/718/63 1046/719/63 1047/720/63
f 1046/719/63 1045/718/63 1048/721/63
f 1049/695/43 1050/722/43 1051/696/43
f 1050/722/43 1049/695/43 1052/679/43
f 1052/679/43 1049/695/43 1053/677/43
f 1054/723/63 1055/719/63 1056/724/63
f 1055/719/63 1054/723/63 1057/725/63
f 1058/697/43 1059/683/43 1060/687/43
f 1059/683/43 1058/697/43 1061/682/43
f 1062/726/64 1063/727/64 1064/728/64
f 1063/727/64 1062/726/64 1065/729/64
f 1066/691/43 1067/696/43 1068/690/43
f 1067/696/43 1066/691/43 1069/692/43
f 1068/690/43 1070/697/43 1071/689/43
f 1070/697/43 1068/690/43 1072/682/43
f 1072/682/43 1068/690/43 1073/684/43
f 1073/684/43 1068/690/43 1074/685/43
f 1074/685/43 1068/690/43 1075/722/43
f 1074/685/43 1075/722/43 1076/680/43
f 1075/722/43 1068/690/43 1067/696/43
f 1076/680/43 1075/722/43 1077/678/43
f 1078/730/65 1079/731/65 1080/732/65
f 1079/731/65 1078/730/65 1081/733/65
f 1079/731/65 1081/733/65 1082/734/65
f 1083/735/50 1084/736/50 1085/737/50
f 1084/736/50 1083/735/50 1086/738/50
f 1084/736/50 1086/738/50 1087/739/50
f 1084/736/50 1087/739/50 1088/740/50
f 1084/736/50 1088/740/50 1089/741/50
f 1084/736/50 1089/741/50 1090/742/50
f 1091/522/43 1092/501/43 1093/521/43
f 1092/501/43 1091/522/43 1094/499/43
f 1095/520/43 1096/508/43 1097/510/43
f 1096/508/43 1095/520/43 1098/500/43
f 1099/743/63 1100/744/63 1101/745/63
f 1100/744/63 1099/743/63 1102/746/63
f 1103/600/66 1104/609/66 1105/598/66
f 1104/609/66 1103/600/66 1106/610/66
f 1106/610/66 1103/600/66 1107/605/66
f 1107/605/66 1103/600/66 1108/603/66
f 1109/607/66 1110/599/66 1111/601/66
f 1110/599/66 1109/607/66 1112/602/66
f 1112/602/66 1109/607/66 1113/604/66
f 1113/604/66 1109/607/66 1114/608/66
f 1115/613/66 1116/626/66 1117/611/66
f 1116/626/66 1115/613/66 1118/627/66
f 1118/627/66 1115/613/66 1119/618/66
f 1119/618/66 1115/613/66 1120/616/66
f 1121/620/66 1122/612/66 1123/614/66
f 1122/612/66 1121/620/66 1124/615/66
f 1124/615/66 1121/620/66 1125/617/66
f 1125/617/66 1121/620/66 1126/621/66
f 1127/747/67 1128/443/67 1129/503/67
f 1128/443/67 1127/747/67 1130/441/67
f 1130/441/67 1127/747/67 1131/748/67
f 1131/748/67 1127/747/67 1132/749/67
f 1133/750/43 1134/751/43 1135/752/43
f 1134/751/43 1133/750/43 1136/753/43
f 1137/528/68 1138/754/68 1139/755/68
f 1138/754/68 1137/528/68 1140/535/68
f 1140/535/68 1137/528/68 1141/756/68
f 1140/535/68 1141/756/68 1142/757/68
f 1143/758/69 1144/759/69 1145/760/69
f 1144/759/69 1143/758/69 1146/761/69
f 1147/762/70 1148/763/70 1149/764/70
f 1148/763/70 1147/762/70 1150/765/70
f 1151/766/71 1152/767/71 1153/768/71
f 1152/767/71 1151/766/71 1154/769/71
f 1155/770/72 1156/534/72 1157/516/72
f 1156/534/72 1155/770/72 1158/771/72
f 1159/772/73 1160/773/73 1161/774/73
f 1160/773/73 1159/772/73 1162/775/73
f 1162/775/73 1159/772/73 1163/776/73
# Vertices: 1054, normals: 53, texture coordinates: 714, faces: 876

o obj12
v 321.41870117 8.5E-06 -248.19869146
v 339.89028931 141.31250366 -248.19868662
v 339.89028931 8.5E-06 -248.19869146
v 321.41870117 141.31250366 -248.19868662
v 321.41870117 141.31250366 -248.19868662
v 321.41870117 8.41E-06 -245.82369154
v 321.41870117 141.31250358 -245.8236867
v 321.41870117 8.5E-06 -248.19869146
v 195.64030457 8.5E-06 -248.19869146
v 195.64030457 141.31250366 -248.19868662
v 195.64030457 7.77E-06 -226.90628801
v 195.64030457 20.04296629 -226.90628732
v 195.64030457 126.10350382 -226.90628369
v 195.64030457 141.31250293 -226.90628317
v 195.64030457 71.56093005 -121.51119334
v 195.64030457 78.39924006 -121.51119311
v 195.64030457 71.56093002 -120.51119338
v 195.64030457 78.39924003 -120.51119314
v 195.64030457 42.74989207 -121.51119433
v 195.64030457 49.40782412 -121.5111941
v 195.64030457 42.74989204 -120.51119436
v 195.64030457 49.40782409 -120.51119414
v 195.64030457 5E-06 -146.15629077
v 195.64030457 141.31250017 -146.15628594
v 195.64030457 4.16E-06 -121.51119579
v 195.64030457 141.31249932 -121.51119096
v 195.64030457 20.04296519 -194.69019346
v 195.64030457 20.04296475 -181.93839336
v 195.64030457 20.04296353 -146.15629009
v 195.64030457 126.10350271 -194.69018983
v 195.64030457 126.10350228 -181.93838972
v 195.64030457 126.10350105 -146.15628646
v 197.70280457 20.04296629 -226.90628732
v 197.70280457 126.10350382 -226.90628369
v 197.70280457 20.04296519 -194.69019346
v 197.70280457 126.10350271 -194.69018983
v 195.64030457 126.10350105 -146.15628646
v 197.70280457 20.04296353 -146.15629009
v 195.64030457 20.04296353 -146.15629009
v 197.70280457 126.10350105 -146.15628646
v 197.70280457 126.10350228 -181.93838972
v 195.64030457 126.10350105 -146.15628646
v 195.64030457 126.10350228 -181.93838972
v 197.70280457 126.10350105 -146.15628646
v 197.70280457 20.04296353 -146.15629009
v 195.64030457 20.04296475 -181.93839336
v 195.64030457 20.04296353 -146.15629009
v 197.70280457 20.04296475 -181.93839336
v 197.70280457 126.10350382 -226.90628369
v 195.64030457 20.04296629 -226.90628732
v 197.70280457 20.04296629 -226.90628732
v 195.64030457 126.10350382 -226.90628369
v 197.70280457 20.04296519 -194.69019346
v 195.64030457 20.04296629 -226.90628732
v 195.64030457 20.04296519 -194.69019346
v 197.70280457 20.04296629 -226.90628732
v 197.70280457 126.10350382 -226.90628369
v 195.64030457 126.10350271 -194.69018983
v 195.64030457 126.10350382 -226.90628369
v 197.70280457 126.10350271 -194.69018983
v 195.64030457 141.31250366 -248.19868662
v 211.43569946 8.5E-06 -248.19869146
v 195.64030457 8.5E-06 -248.19869146
v 211.43569946 141.31250366 -248.19868662
v 211.43569946 8.5E-06 -248.19869146
v 211.43569946 141.31250358 -245.8236867
v 211.43569946 8.41E-06 -245.82369154
v 211.43569946 141.31250366 -248.19868662
v 311.81408691 75.94236148 -121.51119319
v 311.81408691 105.7587973 -123.5111921
v 311.81408691 105.75879723 -121.51119217
v 311.81408691 75.94236155 -123.51119312
v 316.87411499 107.15850123 -123.51119206
v 311.81408691 105.75879723 -121.51119217
v 311.81408691 105.7587973 -123.5111921
v 316.87411499 107.15850116 -121.51119212
v 321.06161499 107.15850123 -123.51119206
v 316.87411499 107.15850116 -121.51119212
v 316.87411499 107.15850123 -123.51119206
v 321.06161499 107.15850116 -121.51119212
v 326.0723877 105.81610168 -123.5111921
v 321.06161499 107.15850116 -121.51119212
v 321.06161499 107.15850123 -123.51119206
v 326.0723877 105.81610161 -121.51119217
v 326.0723877 105.81610168 -123.5111921
v 325.79949951 75.94236148 -121.51119319
v 326.0723877 105.81610161 -121.51119217
v 325.79949951 75.94236155 -123.51119312
v 211.43569946 141.31250358 -245.8236867
v 211.43569946 8.41E-06 -245.82369154
v 321.41870117 141.31250358 -245.8236867
v 321.41870117 8.41E-06 -245.82369154
v 339.89028931 16.75574349 -141.71000129
v 336.95278931 16.75574461 -174.41449846
v 336.95278931 16.75574349 -141.71000129
v 339.89028931 16.75574461 -174.41449846
v 339.89028931 123.14080381 -220.51498763
v 336.95278931 16.75574619 -220.51499127
v 339.89028931 16.75574619 -220.51499127
v 336.95278931 123.14080381 -220.51498763
v 339.89028931 123.14080381 -220.51498763
v 336.95278931 123.14080268 -187.45018468
v 336.95278931 123.14080381 -220.51498763
v 339.89028931 123.14080268 -187.45018468
v 339.89028931 16.75574505 -187.45018832
v 336.95278931 16.75574619 -220.51499127
v 336.95278931 16.75574505 -187.45018832
v 339.89028931 16.75574619 -220.51499127
v 197.70280457 20.04296475 -181.93839336
v 197.70280457 126.10350228 -181.93838972
v 197.70280457 20.04296353 -146.15629009
v 197.70280457 126.10350105 -146.15628646
v 195.64030457 126.10350228 -181.93838972
v 197.70280457 126.10350228 -181.93838972
v 195.64030457 20.04296475 -181.93839336
v 197.70280457 20.04296475 -181.93839336
v 197.70280457 126.10350271 -194.69018983
v 195.64030457 126.10350271 -194.69018983
v 197.70280457 20.04296519 -194.69019346
v 195.64030457 20.04296519 -194.69019346
v 339.89028931 123.14080223 -174.41449482
v 336.95278931 123.14080111 -141.70999765
v 336.95278931 123.14080223 -174.41449482
v 339.89028931 123.14080111 -141.70999765
v 245.88290405 111.50409741 -123.94869189
v 245.88290405 73.77417919 -121.51119327
v 245.88290405 111.50409733 -121.51119198
v 245.88290405 73.77417927 -123.94869318
v 245.03390503 114.96399719 -123.94869177
v 245.88290405 111.50409733 -121.51119198
v 245.03390503 114.96399711 -121.51119186
v 245.88290405 111.50409741 -123.94869189
v 245.03390503 116.95439935 -123.94869171
v 245.03390503 114.96399711 -121.51119186
v 245.03390503 116.95439926 -121.51119179
v 245.03390503 114.96399719 -123.94869177
v 254.40600586 26.94556424 -137.51119432
v 254.56210327 27.21624338 -128.17840044
v 254.40600586 26.94556392 -128.17840045
v 254.56210327 27.2162437 -137.51119431
v 254.90130615 27.45037456 -137.5111943
v 254.56210327 27.21624338 -128.17840044
v 254.56210327 27.2162437 -137.51119431
v 254.90130615 27.45037424 -128.17840043
v 254.90130615 27.45037456 -137.5111943
v 255.13749695 27.89109383 -128.17840042
v 254.90130615 27.45037424 -128.17840043
v 255.13749695 27.89109415 -137.51119429
v 255.33099365 28.02196305 -137.51119429
v 255.13749695 27.89109383 -128.17840042
v 255.13749695 27.89109415 -137.51119429
v 255.33099365 28.02196273 -128.17840042
v 255.33099365 28.02196305 -137.51119429
v 255.33099365 30.14696266 -128.17840034
v 255.33099365 28.02196273 -128.17840042
v 255.33099365 30.14696298 -137.51119421
v 255.33099365 30.14696266 -128.17840034
v 254.80119324 30.58518394 -137.5111942
v 254.80119324 30.58518362 -128.17840033
v 255.33099365 30.14696298 -137.51119421
v 254.80119324 30.58518362 -128.17840033
v 255.10839844 33.9461738 -121.51119463
v 254.80119324 30.58518339 -121.51119475
v 255.10839844 33.94617435 -137.51119408
v 254.80119324 30.58518394 -137.5111942
v 255.10839844 33.94617435 -137.51119408
v 255.4571991 35.72480305 -121.51119457
v 255.10839844 33.9461738 -121.51119463
v 255.4571991 35.72480359 -137.51119402
v 255.4571991 35.72480359 -137.51119402
v 256.59710693 38.96778389 -121.51119446
v 255.4571991 35.72480305 -121.51119457
v 256.59710693 38.96778444 -137.51119391
v 256.59710693 38.96778444 -137.51119391
v 257.89981079 41.67016112 -121.51119437
v 256.59710693 38.96778389 -121.51119446
v 257.89981079 41.67016167 -137.51119382
v 257.89981079 41.67016167 -137.51119382
v 259.78109741 44.47221257 -121.51119427
v 257.89981079 41.67016112 -121.51119437
v 259.78109741 44.47221312 -137.51119372
v 261.6242981 46.25240257 -137.51119366
v 259.78109741 44.47221257 -121.51119427
v 259.78109741 44.47221312 -137.51119372
v 261.6242981 46.25240202 -121.51119421
v 263.74389648 47.90459367 -137.5111936
v 261.6242981 46.25240202 -121.51119421
v 261.6242981 46.25240257 -137.51119366
v 263.74389648 47.90459313 -121.51119415
v 265.85339355 49.24627225 -137.51119356
v 263.74389648 47.90459313 -121.51119415
v 263.74389648 47.90459367 -137.5111936
v 265.85339355 49.2462717 -121.51119411
v 268.47021484 50.43713295 -137.51119352
v 265.85339355 49.2462717 -121.51119411
v 265.85339355 49.24627225 -137.51119356
v 268.47021484 50.43713241 -121.51119407
v 271.86599731 51.51414403 -137.51119348
v 268.47021484 50.43713241 -121.51119407
v 268.47021484 50.43713295 -137.51119352
v 271.86599731 51.51414348 -121.51119403
v 274.97680664 51.81170185 -137.51119347
v 271.86599731 51.51414348 -121.51119403
v 271.86599731 51.51414403 -137.51119348
v 274.97680664 51.8117013 -121.51119402
v 277.41430664 51.81170185 -137.51119347
v 274.97680664 51.8117013 -121.51119402
v 274.97680664 51.81170185 -137.51119347
v 277.41430664 51.8117013 -121.51119402
v 280.5112915 51.39403447 -137.51119349
v 277.41430664 51.8117013 -121.51119402
v 277.41430664 51.81170185 -137.51119347
v 280.5112915 51.39403392 -121.51119403
v 283.14230347 50.59410393 -137.51119351
v 280.5112915 51.39403392 -121.51119403
v 280.5112915 51.39403447 -137.51119349
v 283.14230347 50.59410338 -121.51119406
v 286.08679199 49.21832196 -137.51119356
v 283.14230347 50.59410338 -121.51119406
v 283.14230347 50.59410393 -137.51119351
v 286.08679199 49.21832141 -121.51119411
v 288.44549561 47.5744736 -137.51119362
v 286.08679199 49.21832141 -121.51119411
v 286.08679199 49.21832196 -137.51119356
v 288.44549561 47.57447305 -121.51119416
v 290.57958984 45.74261407 -137.51119368
v 288.44549561 47.57447305 -121.51119416
v 288.44549561 47.5744736 -137.51119362
v 290.57958984 45.74261352 -121.51119423
v 290.57958984 45.74261407 -137.51119368
v 292.4559021 43.56434135 -121.5111943
v 290.57958984 45.74261352 -121.51119423
v 292.4559021 43.5643419 -137.51119375
v 292.4559021 43.5643419 -137.51119375
v 293.88308716 41.36120117 -121.51119438
v 292.4559021 43.56434135 -121.5111943
v 293.88308716 41.36120172 -137.51119383
v 293.88308716 41.36120172 -137.51119383
v 294.89309692 39.07428261 -121.51119445
v 293.88308716 41.36120117 -121.51119438
v 294.89309692 39.07428315 -137.51119391
v 294.89309692 39.07428315 -137.51119391
v 295.8888855 36.11219317 -121.51119456
v 294.89309692 39.07428261 -121.51119445
v 295.8888855 36.11219372 -137.51119401
v 295.8888855 36.11219372 -137.51119401
v 296.29058838 33.13921277 -121.51119466
v 295.8888855 36.11219317 -121.51119456
v 296.29058838 33.13921332 -137.51119411
v 296.29058838 33.13921332 -137.51119411
v 296.41070557 30.64209295 -121.51119474
v 296.29058838 33.13921277 -121.51119466
v 296.41070557 30.64209318 -128.01468878
v 296.41070557 30.6420935 -137.5111942
v 296.41070557 30.64209318 -128.01468878
v 295.88171387 30.30925355 -137.51119421
v 295.88171387 30.30925322 -128.01468879
v 296.41070557 30.6420935 -137.5111942
v 296.69180298 27.22891422 -137.51119431
v 296.11151123 27.59752427 -128.01468889
v 296.11151123 27.59752459 -137.5111943
v 296.69180298 27.2289139 -128.0146889
v 296.69180298 27.22891422 -137.51119431
v 296.69180298 26.85391391 -128.01468891
v 296.69180298 27.2289139 -128.0146889
v 296.69180298 26.85391423 -137.51119433
v 296.11151123 28.03502458 -137.51119428
v 296.11151123 27.59752427 -128.01468889
v 296.11151123 28.03502425 -128.01468887
v 296.11151123 27.59752459 -137.5111943
v 297.04251099 26.59230421 -137.51119433
v 296.69180298 26.85391391 -128.01468891
v 296.69180298 26.85391423 -137.51119433
v 297.04251099 26.59230389 -128.01468892
v 296.11151123 28.03502458 -137.51119428
v 295.88171387 28.24675329 -128.01468887
v 295.88171387 28.24675362 -137.51119428
v 296.11151123 28.03502425 -128.01468887
v 297.09259033 26.55493353 -137.51119434
v 297.09259033 26.55493321 -128.01468892
v 204.10769653 26.65037344 -137.51119433
v 204.10769653 26.90037311 -128.20939105
v 204.10769653 26.65037312 -128.20939106
v 204.10769653 26.90037343 -137.51119432
v 204.10769653 26.90037343 -137.51119432
v 204.11199951 26.94556392 -128.20939105
v 204.10769653 26.90037311 -128.20939105
v 204.11199951 26.94556424 -137.51119432
v 204.10769653 26.65037344 -137.51119433
v 203.78269958 26.3575131 -128.20939107
v 203.78269958 26.35751342 -137.51119434
v 204.06129456 26.60854306 -128.20939106
v 204.10769653 26.65037312 -128.20939106
v 204.11199951 26.94556424 -137.51119432
v 204.26820374 27.21624339 -128.20939104
v 204.11199951 26.94556392 -128.20939105
v 204.26820374 27.2162437 -137.51119431
v 204.60740662 27.45037456 -137.5111943
v 204.26820374 27.21624339 -128.20939104
v 204.26820374 27.2162437 -137.51119431
v 204.60740662 27.45037424 -128.20939103
v 204.60740662 27.45037456 -137.5111943
v 204.84350586 27.89109383 -128.20939102
v 204.60740662 27.45037424 -128.20939103
v 204.84350586 27.89109415 -137.51119429
v 205.61210632 27.89109415 -137.51119429
v 204.84350586 27.89109383 -128.20939102
v 204.84350586 27.89109415 -137.51119429
v 205.61210632 27.89109383 -128.20939102
v 205.61210632 27.89109415 -137.51119429
v 205.61210632 29.70359376 -128.20939096
v 205.61210632 27.89109383 -128.20939102
v 205.61210632 29.70359408 -137.51119423
v 204.81440735 30.19617416 -128.20939094
v 204.81440735 33.9461738 -121.51119463
v 204.81440735 30.19617393 -121.51119476
v 204.81440735 33.94617435 -137.51119408
v 204.81440735 30.19617448 -137.51119421
v 204.81440735 33.94617435 -137.51119408
v 205.16319275 35.72480305 -121.51119457
v 204.81440735 33.9461738 -121.51119463
v 205.16319275 35.72480359 -137.51119402
v 205.16319275 35.72480359 -137.51119402
v 206.30310059 38.96778389 -121.51119446
v 205.16319275 35.72480305 -121.51119457
v 206.30310059 38.96778444 -137.51119391
v 206.30310059 38.96778444 -137.51119391
v 207.605896 41.67016112 -121.51119437
v 206.30310059 38.96778389 -121.51119446
v 207.605896 41.67016167 -137.51119382
v 207.605896 41.67016167 -137.51119382
v 209.48710632 44.47221257 -121.51119427
v 207.605896 41.67016112 -121.51119437
v 209.48710632 44.47221312 -137.51119372
v 211.33030701 46.25240257 -137.51119366
v 209.48710632 44.47221257 -121.51119427
v 209.48710632 44.47221312 -137.51119372
v 211.33030701 46.25240202 -121.51119421
v 213.44999695 47.90459367 -137.5111936
v 211.33030701 46.25240202 -121.51119421
v 211.33030701 46.25240257 -137.51119366
v 213.44999695 47.90459313 -121.51119415
v 215.55949402 49.24627225 -137.51119356
v 213.44999695 47.90459313 -121.51119415
v 213.44999695 47.90459367 -137.5111936
v 215.55949402 49.2462717 -121.51119411
v 218.17619324 50.43713295 -137.51119352
v 215.55949402 49.2462717 -121.51119411
v 215.55949402 49.24627225 -137.51119356
v 218.17619324 50.43713241 -121.51119407
v 221.57200623 51.51414403 -137.51119348
v 218.17619324 50.43713241 -121.51119407
v 218.17619324 50.43713295 -137.51119352
v 221.57200623 51.51414348 -121.51119403
v 224.68280029 51.81170185 -137.51119347
v 221.57200623 51.51414348 -121.51119403
v 221.57200623 51.51414403 -137.51119348
v 224.68280029 51.8117013 -121.51119402
v 227.12030029 51.81170185 -137.51119347
v 224.68280029 51.8117013 -121.51119402
v 224.68280029 51.81170185 -137.51119347
v 227.12030029 51.8117013 -121.51119402
v 230.21730042 51.39403447 -137.51119349
v 227.12030029 51.8117013 -121.51119402
v 227.12030029 51.81170185 -137.51119347
v 230.21730042 51.39403392 -121.51119403
v 232.84840393 50.59410393 -137.51119351
v 230.21730042 51.39403392 -121.51119403
v 230.21730042 51.39403447 -137.51119349
v 232.84840393 50.59410338 -121.51119406
v 235.7928009 49.21832196 -137.51119356
v 232.84840393 50.59410338 -121.51119406
v 232.84840393 50.59410393 -137.51119351
v 235.7928009 49.21832141 -121.51119411
v 238.15150452 47.5744736 -137.51119362
v 235.7928009 49.21832141 -121.51119411
v 235.7928009 49.21832196 -137.51119356
v 238.15150452 47.57447305 -121.51119416
v 240.28559875 45.74261407 -137.51119368
v 238.15150452 47.57447305 -121.51119416
v 238.15150452 47.5744736 -137.51119362
v 240.28559875 45.74261352 -121.51119423
v 240.28559875 45.74261407 -137.51119368
v 242.16200256 43.56434135 -121.5111943
v 240.28559875 45.74261352 -121.51119423
v 242.16200256 43.5643419 -137.51119375
v 242.16200256 43.5643419 -137.51119375
v 243.58909607 41.36120117 -121.51119438
v 242.16200256 43.56434135 -121.5111943
v 243.58909607 41.36120172 -137.51119383
v 243.58909607 41.36120172 -137.51119383
v 244.59910583 39.07428261 -121.51119445
v 243.58909607 41.36120117 -121.51119438
v 244.59910583 39.07428315 -137.51119391
v 244.59910583 39.07428315 -137.51119391
v 245.59489441 36.11219317 -121.51119456
v 244.59910583 39.07428261 -121.51119445
v 245.59489441 36.11219372 -137.51119401
v 245.59489441 36.11219372 -137.51119401
v 245.99659729 33.13921277 -121.51119466
v 245.59489441 36.11219317 -121.51119456
v 245.99659729 33.13921332 -137.51119411
v 245.99659729 33.13921332 -137.51119411
v 246.11669922 30.64209295 -121.51119474
v 245.99659729 33.13921277 -121.51119466
v 246.11669922 30.64209317 -127.82399207
v 246.11669922 30.6420935 -137.5111942
v 245.58770752 30.30925355 -137.51119421
v 245.58770752 28.24675329 -127.82399216
v 245.58770752 30.30925322 -127.82399208
v 245.58770752 28.24675362 -137.51119428
v 245.81750488 28.03502458 -137.51119428
v 245.81750488 27.59752426 -127.82399218
v 245.81750488 28.03502424 -127.82399216
v 245.81750488 27.59752459 -137.5111943
v 246.39790344 27.22891422 -137.51119431
v 245.81750488 27.59752426 -127.82399218
v 245.81750488 27.59752459 -137.5111943
v 246.39790344 27.22891389 -127.98609393
v 246.39790344 27.22891422 -137.51119431
v 246.39790344 26.85391391 -127.98609394
v 246.39790344 27.22891389 -127.98609393
v 246.39790344 26.85391423 -137.51119433
v 246.74850464 26.59230421 -137.51119433
v 246.39790344 26.85391391 -127.98609394
v 246.39790344 26.85391423 -137.51119433
v 246.74850464 26.59230389 -127.98609395
v 305.10949707 30.48015335 -121.82369474
v 305.10949707 42.73254283 -121.51119433
v 305.10949707 30.48015334 -121.51119475
v 305.10949707 42.73912319 -121.82369432
v 332.71279907 49.43035372 -121.51139246
v 334.09729004 49.44920212 -120.94869412
v 333.6867981 49.43073135 -120.57369413
v 334.36730957 49.46134431 -121.1952914
v 334.7130127 49.47690066 -121.5111941
v 254.40170288 26.65037344 -137.51119433
v 254.07670593 26.3575131 -128.14489217
v 254.07670593 26.35751342 -137.51119434
v 254.40170288 26.65037312 -128.14489216
v 254.40170288 26.65037344 -137.51119433
v 254.40170288 26.90037311 -128.14489215
v 254.40170288 26.65037312 -128.14489216
v 254.40170288 26.90037343 -137.51119432
v 204.80169678 114.89189942 -123.94869178
v 204.80169678 116.95439926 -121.51119179
v 204.80169678 114.89189934 -121.51119186
v 204.80169678 116.95439935 -123.94869171
v 203.97000122 111.29949986 -121.51119198
v 204.80169678 114.89189942 -123.94869178
v 204.80169678 114.89189934 -121.51119186
v 203.97000122 111.29949994 -123.9486919
v 203.97000122 73.61196309 -123.94869319
v 203.97000122 111.29949986 -121.51119198
v 203.97000122 73.611963 -121.51119327
v 203.97000122 111.29949994 -123.9486919
v 296.57818604 111.56009716 -123.82369189
v 296.57818604 73.97038432 -121.51119326
v 296.57818604 111.56009708 -121.51119197
v 296.57818604 73.9703844 -123.82369318
v 295.07348633 115.06310302 -123.82369177
v 296.57818604 111.56009708 -121.51119197
v 295.07348633 115.06310294 -121.51119185
v 296.57818604 111.56009716 -123.82369189
v 295.07348633 116.95439934 -123.82369171
v 295.07348633 115.06310294 -121.51119185
v 295.07348633 116.95439926 -121.51119179
v 295.07348633 115.06310302 -123.82369177
v 255.82350159 115.06310302 -123.82369177
v 255.82350159 116.95439926 -121.51119179
v 255.82350159 115.06310294 -121.51119185
v 255.82350159 116.95439934 -123.82369171
v 254.85850525 111.50409733 -121.51119198
v 255.82350159 115.06310302 -123.82369177
v 255.82350159 115.06310294 -121.51119185
v 254.85850525 111.50409741 -123.8236919
v 254.85850525 73.80892353 -123.82369319
v 254.85850525 111.50409733 -121.51119198
v 254.85850525 73.80892345 -121.51119327
v 254.85850525 111.50409741 -123.8236919
v 209.94700623 75.20097518 -123.94869313
v 210.16200256 105.37480231 -125.19869206
v 210.16200256 105.37480227 -123.9486921
v 209.94700623 75.20097522 -125.19869309
v 210.16200256 105.37480231 -125.19869206
v 213.79699707 106.5243994 -123.94869206
v 210.16200256 105.37480227 -123.9486921
v 213.79699707 106.52439944 -125.19869202
v 213.79699707 106.52439944 -125.19869202
v 217.85949707 106.5243994 -123.94869206
v 213.79699707 106.5243994 -123.94869206
v 217.85949707 106.52439944 -125.19869202
v 217.85949707 106.52439944 -125.19869202
v 221.32200623 105.45099703 -123.9486921
v 217.85949707 106.5243994 -123.94869206
v 221.32200623 105.45099707 -125.19869206
v 221.32200623 105.45099707 -125.19869206
v 221.32200623 75.20097518 -123.94869313
v 221.32200623 105.45099703 -123.9486921
v 221.32200623 75.20097522 -125.19869309
v 236.70530701 106.69049899 -125.19869201
v 240.16769409 105.6171042 -123.94869209
v 236.70530701 106.69049894 -123.94869206
v 240.16769409 105.61710425 -125.19869205
v 240.16769409 105.61710425 -125.19869205
v 240.16769409 75.36705946 -123.94869313
v 240.16769409 105.6171042 -123.94869209
v 240.16769409 75.36705951 -125.19869309
v 232.64280701 106.69049899 -125.19869201
v 236.70530701 106.69049894 -123.94869206
v 232.64280701 106.69049894 -123.94869206
v 236.70530701 106.69049899 -125.19869201
v 229.00770569 105.54090186 -125.19869205
v 232.64280701 106.69049894 -123.94869206
v 229.00770569 105.54090181 -123.9486921
v 232.64280701 106.69049899 -125.19869201
v 228.79269409 75.36705946 -123.94869313
v 229.00770569 105.54090186 -125.19869205
v 229.00770569 105.54090181 -123.9486921
v 228.79269409 75.36705951 -125.19869309
v 271.82339478 105.66660376 -125.38619204
v 268.36090088 106.73999845 -123.82369206
v 268.36090088 106.7399985 -125.38619201
v 271.82339478 105.66660371 -123.8236921
v 271.82339478 105.66660376 -125.38619204
v 271.82339478 75.41661237 -123.82369313
v 271.82339478 105.66660371 -123.8236921
v 271.82339478 75.41661243 -125.38619308
v 268.36090088 106.7399985 -125.38619201
v 264.29840088 106.73999845 -123.82369206
v 264.29840088 106.7399985 -125.38619201
v 268.36090088 106.73999845 -123.82369206
v 264.29840088 106.7399985 -125.38619201
v 260.66339111 105.5905005 -123.8236921
v 260.66339111 105.59050056 -125.38619205
v 264.29840088 106.73999845 -123.82369206
v 260.44839478 75.41661237 -123.82369313
v 260.66339111 105.59050056 -125.38619205
v 260.66339111 105.5905005 -123.8236921
v 260.44839478 75.41661243 -125.38619308
v 290.64581299 105.76740332 -125.38619204
v 287.18341064 106.84079801 -123.82369206
v 287.18341064 106.84079806 -125.386192
v 290.64581299 105.76740327 -123.82369209
v 290.64581299 105.76740332 -125.38619204
v 290.64581299 75.5173509 -123.82369313
v 290.64581299 105.76740327 -123.82369209
v 290.64581299 75.51735095 -125.38619307
v 287.18341064 106.84079806 -125.386192
v 283.12091064 106.84079801 -123.82369206
v 283.12091064 106.84079806 -125.386192
v 287.18341064 106.84079801 -123.82369206
v 283.12091064 106.84079806 -125.386192
v 279.48580933 105.69120088 -123.8236921
v 279.48580933 105.69120093 -125.38619204
v 283.12091064 106.84079801 -123.82369206
v 279.27081299 75.5173509 -123.82369313
v 279.48580933 105.69120093 -125.38619204
v 279.48580933 105.69120088 -123.8236921
v 279.27081299 75.51735095 -125.38619307
vn -0 1 -0
vn 0 -1 0
vn -1 -0 -0
vn 1 0 0
vn 0 0 -1
vn -0 -0 1
vn 1 0 0
vn 0.26662 0 -0.9638
vn -0 0 -1
vn -0.25878 0 -0.96594
vn -0.99996 -0 0.00913
vn 0 -0 1
vn 0 -1 -0
vn -0 -0 -1
vn 0 0 1
vn -0 0 -1
vn -1 0 0
vn -0.97119 0 -0.23829
vn -1 0 -0
vn 0.86617 -0 -0.49975
vn 0.56808 0 -0.82297
vn 0.88144 -0 -0.4723
vn 0.56023 0 -0.82834
vn 0.63741 -0 0.77052
vn 0.99585 -0 -0.091
vn 0.98131 -0 -0.19243
vn 0.94341 -0 -0.33162
vn 0.90079 -0 -0.43425
vn 0.83024 -0 -0.55741
vn 0.69471 -0 -0.71929
vn 0.61477 -0 -0.78871
vn 0.53667 -0 -0.84379
vn 0.41422 -0 -0.91018
vn 0.30232 -0 -0.95321
vn 0.09522 -0 -0.99546
vn 0 -0 -1
vn -0.13365 -0 -0.99103
vn -0.29088 -0 -0.95676
vn -0.42332 -0 -0.90598
vn -0.57178 -0 -0.82041
vn -0.65132 0 -0.7588
vn -0.75766 0 -0.65265
vn -0.83929 0 -0.54368
vn -0.91477 0 -0.40398
vn -0.94787 0 -0.31867
vn -0.991 0 -0.13389
vn -0.99885 0 -0.04804
vn -0.53254 -0 0.8464
vn -0.53617 -0 -0.84411
vn -0.59796 -0 -0.80153
vn -0.67754 -0 -0.73548
vn -0.59796 0 -0.80153
vn 0.99554 -0 -0.09435
vn 0.66941 0 -0.74289
vn 0.56808 -0 -0.82297
vn 0.88144 -0 -0.4723
vn 1 -0 0
vn -0.53617 0 -0.84411
vn -0.59796 0 -0.80153
vn 0.02326 0.02376 -0.99945
vn 0.66941 0 -0.74289
vn 1 -0 -0
vn 0.97423 0 -0.22555
vn -1 -0 -0
vn -0.91882 0 -0.39468
vn -1 -0 0
vn 1 0 0
vn 0.96515 0 -0.2617
vn 0.99997 -0 -0.00713
vn 0.30152 0 -0.95346
vn 0 0 -1
vn -0.29611 0 -0.95515
vn -0.29611 0 -0.95515
vn 0 0 -1
vn 0.30152 0 -0.95346
vn 0.99997 0 -0.00713
vt -35.71319 1
vt -37.76559 -22.08104
vt -37.76559 1
vt -35.71319 -22.08104
vt -27.57763 -22.08104
vt -27.31374 1
vt -27.31374 -22.08104
vt -27.57763 1
vt -25.21181 1
vt -25.21181 -2.27368
vt -25.21181 -19.59691
vt -25.21181 -22.08104
vt -13.50124 -10.68828
vt -13.50124 -11.80521
vt -13.39013 -10.68828
vt -13.39013 -11.80521
vt -13.50124 -5.98248
vt -13.50124 -7.06994
vt -13.39013 -5.98248
vt -13.39013 -7.06994
vt -16.23959 1
vt -16.23959 -22.08104
vt -13.50124 1
vt -13.50124 -22.08104
vt -21.63224 -2.27368
vt -20.21538 -2.27368
vt -16.23959 -2.27368
vt -21.63224 -19.59691
vt -20.21538 -19.59691
vt -16.23959 -19.59691
vt -21.73781 -19.59691
vt -21.96698 -2.27368
vt -21.73781 -2.27368
vt -21.96698 -19.59691
vt -21.96698 -28.71661
vt -21.73781 -22.87219
vt -21.73781 -28.71661
vt -21.96698 -22.87219
vt 21.96698 -22.87219
vt 21.73781 -28.71661
vt 21.73781 -22.87219
vt 21.96698 -28.71661
vt 21.96698 -19.59691
vt 21.73781 -2.27368
vt 21.96698 -2.27368
vt 21.73781 -19.59691
vt 21.96698 -30.7994
vt 21.73781 -36.06136
vt 21.73781 -30.7994
vt 21.96698 -36.06136
vt -21.96698 -36.06136
vt -21.73781 -30.7994
vt -21.73781 -36.06136
vt -21.96698 -30.7994
vt -21.73781 -22.08104
vt -23.49286 1
vt -21.73781 1
vt -23.49286 -22.08104
vt 27.57763 1
vt 27.31374 -22.08104
vt 27.31374 1
vt 27.57763 -22.08104
vt 13.50124 -11.40392
vt 13.72347 -16.27393
vt 13.50124 -16.27393
vt 13.72347 -11.40392
vt 13.72342 -53.54918
vt 13.5012 -52.69168
vt 13.72342 -52.69168
vt 13.5012 -53.54918
vt -35.67351 -19.1735
vt -35.20823 -18.84684
vt -35.20823 -19.1735
vt -35.67351 -18.84684
vt -13.72351 47.97173
vt -13.50129 47.12444
vt -13.72351 47.12444
vt -13.50129 47.97173
vt -13.72347 -16.76904
vt -13.50124 -11.88946
vt -13.50124 -16.76904
vt -13.72347 -11.88946
vt 37.76559 -22.14596
vt 37.4392 -27.48771
vt 37.4392 -22.14596
vt 37.76559 -27.48771
vt 37.76559 -19.11299
vt 37.4392 -1.73677
vt 37.76559 -1.73677
vt 37.4392 -19.11299
vt -37.76559 -35.01745
vt -37.4392 -29.61687
vt -37.4392 -35.01745
vt -37.76559 -29.61687
vt 37.76559 -29.61687
vt 37.4392 -35.01745
vt 37.4392 -29.61687
vt 37.76559 -35.01745
vt -37.76559 -27.48771
vt -37.4392 -22.14596
vt -37.4392 -27.48771
vt -37.76559 -22.14596
vt -13.77208 -17.21234
vt -13.50125 -11.04978
vt -13.50124 -17.21234
vt -13.77208 -11.04978
vt -13.77208 -7.69955
vt -13.50125 -7.11767
vt -13.50125 -7.69955
vt -13.77208 -7.11767
vt -13.77208 -18.10256
vt -13.50124 -17.77745
vt -13.50124 -18.10256
vt -13.77208 -17.77745
vt 15.27902 -23.57835
vt 14.24204 -23.62939
vt 14.24204 -23.57835
vt 15.27902 -23.62939
vt 15.27902 -35.81062
vt 14.24204 -35.7433
vt 15.27902 -35.7433
vt 14.24204 -35.81062
vt 15.27902 -22.61559
vt 14.24204 -22.69726
vt 14.24204 -22.61559
vt 15.27902 -22.69726
vt 15.27902 -36.10916
vt 14.24204 -36.071
vt 15.27902 -36.071
vt 14.24204 -36.10916
vt 15.27902 -3.57692
vt 14.24204 -3.924
vt 14.24204 -3.57692
vt 15.27902 -3.924
vt 14.24204 29.99533
vt 15.27902 29.88304
vt 14.24204 29.88304
vt 15.27902 29.99533
vt 14.24204 -7.76216
vt 13.50124 -8.31341
vt 13.50124 -7.76216
vt 15.27902 -8.31341
vt 15.27902 -7.76216
vt 15.27902 -12.45898
vt 13.50124 -12.75503
vt 13.50124 -12.45898
vt 15.27902 -12.75503
vt 15.27902 -18.34173
vt 13.50124 -18.90319
vt 13.50124 -18.34173
vt 15.27902 -18.90319
vt 15.27902 -22.93298
vt 13.50124 -23.42298
vt 13.50124 -22.93298
vt 15.27902 -23.42298
vt 15.27902 -28.13089
vt 13.50124 -28.68214
vt 13.50124 -28.13089
vt 15.27902 -28.68214
vt 15.27902 -34.98494
vt 13.50124 -34.5664
vt 15.27902 -34.5664
vt 13.50124 -34.98494
vt 15.27902 -37.78627
vt 13.50124 -37.34731
vt 15.27902 -37.34731
vt 13.50124 -37.78627
vt 15.27902 -39.95649
vt 13.50124 -39.54816
vt 15.27902 -39.54816
vt 13.50124 -39.95649
vt 15.27902 -42.3238
vt 13.50124 -41.85422
vt 15.27902 -41.85422
vt 13.50124 -42.3238
vt 15.27902 -43.87065
vt 13.50124 -43.28877
vt 15.27902 -43.28877
vt 13.50124 -43.87065
vt 15.27902 -44.5146
vt 13.50124 -44.00418
vt 15.27902 -44.00418
vt 13.50124 -44.5146
vt -29.32642 -18.741
vt -31.1042 -18.34288
vt -29.32642 -18.34288
vt -31.1042 -18.741
vt -15.27902 45.28383
vt -13.50124 44.77341
vt -15.27902 44.77341
vt -13.50124 45.28383
vt -15.27902 42.84306
vt -13.50124 42.39389
vt -15.27902 42.39389
vt -13.50124 42.84306
vt -15.27902 39.93125
vt -13.50124 39.40041
vt -15.27902 39.40041
vt -13.50124 39.93125
vt -15.27902 35.20875
vt -13.50124 34.73917
vt -15.27902 34.73917
vt -13.50124 35.20875
vt -15.27902 32.14738
vt -13.50124 31.68801
vt -15.27902 31.68801
vt -13.50124 32.14738
vt -15.27902 26.31482
vt -13.50124 26.7844
vt -13.50124 26.31482
vt -15.27902 26.7844
vt -15.27902 20.99866
vt -13.50124 21.42741
vt -13.50124 20.99866
vt -15.27902 21.42741
vt -15.27902 14.2113
vt -13.50124 14.61964
vt -13.50124 14.2113
vt -15.27902 14.61964
vt -15.27902 10.29943
vt -13.50124 10.80984
vt -13.50124 10.29943
vt -15.27902 10.80984
vt -15.27902 1.62561
vt -13.50124 2.11561
vt -13.50124 1.62561
vt -15.27902 2.11561
vt -15.27902 -2.08169
vt -13.50124 -1.67336
vt -13.50124 -2.08169
vt -14.22385 -1.67336
vt -15.27902 -1.67336
vt -14.22385 -42.64288
vt -15.27902 -42.5408
vt -14.22385 -42.5408
vt -15.27902 -42.64288
vt -15.27902 39.52084
vt -14.22385 39.40854
vt -15.27902 39.40854
vt -14.22385 39.52084
vt -15.27902 -3.44739
vt -14.22385 -3.38614
vt -14.22385 -3.44739
vt -15.27902 -3.38614
vt -15.27902 -3.57905
vt -14.22385 -3.5076
vt -14.22385 -3.57905
vt -15.27902 -3.5076
vt -15.27902 37.29059
vt -14.22385 37.21913
vt -15.27902 37.21913
vt -14.22385 37.29059
vt -15.27902 33.46899
vt -14.22385 33.41795
vt -15.27902 33.41795
vt -14.22385 33.46899
vt -15.27902 37.3008
vt -14.22385 37.3008
vt 15.27902 -3.35289
vt 14.24548 -3.39373
vt 14.24548 -3.35289
vt 15.27902 -3.39373
vt 15.27902 -6.51956
vt 14.24548 -6.52697
vt 14.24548 -6.51956
vt 15.27902 -6.52697
vt 15.27902 -26.68012
vt 14.24548 -26.60866
vt 15.27902 -26.60866
vt 14.24548 -26.66991
vt 14.24548 -26.68012
vt 15.27902 -19.47303
vt 14.24548 -19.52408
vt 14.24548 -19.47303
vt 15.27902 -19.52408
vt 15.27902 -29.05015
vt 14.24548 -28.98284
vt 15.27902 -28.98284
vt 14.24548 -29.05015
vt 15.27902 -18.73581
vt 14.24548 -18.81748
vt 14.24548 -18.73581
vt 15.27902 -18.81748
vt -22.00669 -19.77331
vt -23.04023 -19.64777
vt -22.00669 -19.64777
vt -23.04023 -19.77331
vt 15.27902 -3.55554
vt 14.24548 -3.85159
vt 14.24548 -3.55554
vt 15.27902 -3.85159
vt 14.24548 -3.93204
vt 13.50124 -4.54454
vt 13.50124 -3.93204
vt 15.27902 -4.54454
vt 15.27902 -3.93204
vt 15.27902 -10.87824
vt 13.50124 -11.17428
vt 13.50124 -10.87824
vt 15.27902 -11.17428
vt 15.27902 -15.61755
vt 13.50124 -16.17901
vt 13.50124 -15.61755
vt 15.27902 -16.17901
vt 15.27902 -19.36578
vt 13.50124 -19.85578
vt 13.50124 -19.36578
vt 15.27902 -19.85578
vt 15.27902 -23.55193
vt 13.50124 -24.10318
vt 13.50124 -23.55193
vt 15.27902 -24.10318
vt 15.27902 -29.07619
vt 13.50124 -28.65765
vt 15.27902 -28.65765
vt 13.50124 -29.07619
vt 15.27902 -31.30729
vt 13.50124 -30.86833
vt 15.27902 -30.86833
vt 13.50124 -31.30729
vt 15.27902 -33.02501
vt 13.50124 -32.61668
vt 15.27902 -32.61668
vt 13.50124 -33.02501
vt 15.27902 -34.84697
vt 13.50124 -34.37739
vt 15.27902 -34.37739
vt 13.50124 -34.84697
vt 15.27902 -36.04035
vt 13.50124 -35.45848
vt 15.27902 -35.45848
vt 13.50124 -36.04035
vt 15.27902 -36.33724
vt 13.50124 -35.82682
vt 15.27902 -35.82682
vt 13.50124 -36.33724
vt -24.32642 -17.87632
vt -26.1042 -17.47819
vt -24.32642 -17.47819
vt -26.1042 -17.87632
vt -15.27902 37.14285
vt -13.50124 36.63243
vt -15.27902 36.63243
vt -13.50124 37.14285
vt -15.27902 34.98359
vt -13.50124 34.53442
vt -15.27902 34.53442
vt -13.50124 34.98359
vt -15.27902 32.48889
vt -13.50124 31.95806
vt -15.27902 31.95806
vt -13.50124 32.48889
vt -15.27902 28.46935
vt -13.50124 27.99977
vt -15.27902 27.99977
vt -13.50124 28.46935
vt -15.27902 25.91409
vt -13.50124 25.45472
vt -15.27902 25.45472
vt -13.50124 25.91409
vt -15.27902 20.95352
vt -13.50124 21.42311
vt -13.50124 20.95352
vt -15.27902 21.42311
vt -15.27902 16.53246
vt -13.50124 16.96121
vt -13.50124 16.53246
vt -15.27902 16.96121
vt -15.27902 10.89277
vt -13.50124 11.30111
vt -13.50124 10.89277
vt -15.27902 11.30111
vt -15.27902 7.68168
vt -13.50124 8.1921
vt -13.50124 7.68168
vt -15.27902 8.1921
vt -15.27902 0.52573
vt -13.50124 1.01573
vt -13.50124 0.52573
vt -15.27902 1.01573
vt -15.27902 -2.47632
vt -13.50124 -2.06798
vt -13.50124 -2.47632
vt -14.20267 -2.06798
vt -15.27902 -2.06798
vt -15.27902 -3.95051
vt -14.20267 -3.61364
vt -14.20267 -3.95051
vt -15.27902 -3.61364
vt -14.20267 -3.5076
vt -14.20267 -3.57905
vt -15.27902 32.58673
vt -14.20267 32.47443
vt -15.27902 32.47443
vt -14.22068 32.58673
vt -14.22068 -3.38614
vt -14.22068 -3.44739
vt -15.27902 30.70628
vt -14.22068 30.63482
vt -15.27902 30.63482
vt -14.22068 30.70628
vt 13.25761 -4.03439
vt 13.24022 -5.03671
vt 13.24022 -4.03439
vt 13.25761 -5.03725
vt -16.96507 -51.44239
vt -17.11872 -51.535
vt -17.11529 -51.44428
vt -17.12097 -51.59467
vt -17.12386 -51.67109
vt 15.27902 -32.78274
vt 14.23832 -32.71128
vt 15.27902 -32.71128
vt 14.23832 -32.78274
vt 14.23832 -3.39373
vt 14.23832 -3.35289
vt 13.77208 -17.76568
vt 13.50124 -18.10256
vt 13.50124 -17.76568
vt 13.77208 -18.10256
vt 13.50124 -24.22465
vt 13.77208 -24.82694
vt 13.50124 -24.82694
vt 13.77208 -24.22465
vt 13.77208 -11.02329
vt 13.50125 -17.17891
vt 13.50125 -11.02329
vt 13.77208 -17.17891
vt -13.75819 -17.22149
vt -13.50124 -11.08183
vt -13.50124 -17.22149
vt -13.75819 -11.08183
vt -13.75819 2.75393
vt -13.50125 3.37664
vt -13.50124 2.75393
vt -13.75819 3.37664
vt -13.75819 -18.10256
vt -13.50124 -17.79364
vt -13.75819 -17.79364
vt 13.75819 -17.79364
vt 13.50124 -17.79364
vt 13.75819 -18.10256
vt 13.50124 -27.47127
vt 13.75819 -28.07356
vt 13.50124 -28.07356
vt 13.75819 -27.47127
vt 13.75819 -11.05546
vt 13.50124 -17.21234
vt 13.50124 -11.05546
vt 13.75819 -17.21234
vt 13.77208 -11.52685
vt 13.91097 -16.45538
vt 13.77208 -16.45538
vt 13.91097 -11.52685
vt 13.91095 -36.91844
vt 13.77206 -37.54115
vt 13.77206 -36.91844
vt 13.91095 -37.54115
vt -23.75523 -19.44912
vt -24.20662 -19.24496
vt -23.75523 -19.24496
vt -24.20662 -19.44912
vt -13.91098 29.8358
vt -13.77209 30.42788
vt -13.77209 29.8358
vt -13.91098 30.42788
vt -13.91097 -16.22366
vt -13.77208 -11.28282
vt -13.77208 -16.22366
vt -13.91097 -11.28282
vt -13.91098 32.76786
vt -13.7721 33.35994
vt -13.7721 32.76786
vt -13.91099 33.35994
vt -13.91097 -16.25079
vt -13.77208 -11.30995
vt -13.77208 -16.25079
vt -13.91097 -11.30995
vt -25.8492 -19.44912
vt -26.30059 -19.24496
vt -25.8492 -19.24496
vt -26.30059 -19.44912
vt 13.91095 -39.8615
vt 13.77206 -40.48421
vt 13.77206 -39.8615
vt 13.91095 -40.48421
vt 13.77208 -11.57591
vt 13.91097 -16.50444
vt 13.77208 -16.50444
vt 13.91097 -11.57591
vt -13.93181 38.2961
vt -13.7582 37.70401
vt -13.93181 37.70401
vt -13.7582 38.2961
vt -13.9318 -16.25888
vt -13.75819 -11.31805
vt -13.75819 -16.25888
vt -13.9318 -11.31805
vt -29.81788 -19.47975
vt -29.36649 -19.22454
vt -29.36649 -19.47975
vt -29.81788 -19.22454
vt 13.93179 -45.41644
vt 13.75818 -44.79373
vt 13.93179 -44.79373
vt 13.75818 -45.41644
vt 13.75819 -11.62085
vt 13.9318 -16.54937
vt 13.75819 -16.54937
vt 13.9318 -11.62085
vt -13.93181 41.22769
vt -13.7582 40.6356
vt -13.93181 40.6356
vt -13.7582 41.22769
vt -13.9318 -16.27533
vt -13.75819 -11.3345
vt -13.75819 -16.27533
vt -13.9318 -11.3345
vt -31.90927 -19.47975
vt -31.45788 -19.22454
vt -31.45788 -19.47975
vt -31.90927 -19.22454
vt 13.93179 -48.35265
vt 13.75818 -47.72995
vt 13.93179 -47.72995
vt 13.75818 -48.35265
vt 13.75819 -11.65921
vt 13.9318 -16.58773
vt 13.75819 -16.58773
vt 13.9318 -11.65921
usemtl mat2
f 1164/777/74 1165/778/74 1166/779/74
f 1165/778/74 1164/777/74 1167/780/74
f 1167/780/75 1164/777/75 1165/778/75
f 1166/779/75 1165/778/75 1164/777/75
f 1168/781/76 1169/782/76 1170/783/76
f 1169/782/76 1168/781/76 1171/784/76
f 1171/784/77 1168/781/77 1169/782/77
f 1170/783/77 1169/782/77 1168/781/77
f 1172/784/77 1173/781/77 1174/785/77
f 1174/785/77 1173/781/77 1175/786/77
f 1175/786/77 1173/781/77 1176/787/77
f 1177/788/77 1176/787/77 1173/781/77
f 1178/789/77 1179/790/77 1180/791/77
f 1181/792/77 1180/791/77 1179/790/77
f 1182/793/77 1183/794/77 1184/795/77
f 1185/796/77 1184/795/77 1183/794/77
f 1186/797/77 1187/798/77 1188/799/77
f 1188/799/77 1187/798/77 1182/793/77
f 1182/793/77 1187/798/77 1183/794/77
f 1183/794/77 1187/798/77 1178/789/77
f 1178/789/77 1187/798/77 1179/790/77
f 1189/800/77 1179/790/77 1187/798/77
f 1175/786/77 1190/801/77 1174/785/77
f 1190/801/77 1191/802/77 1174/785/77
f 1174/785/77 1191/802/77 1186/797/77
f 1192/803/77 1186/797/77 1191/802/77
f 1176/787/77 1177/788/77 1193/804/77
f 1193/804/77 1177/788/77 1194/805/77
f 1194/805/77 1177/788/77 1195/806/77
f 1187/798/77 1195/806/77 1177/788/77
f 1196/786/77 1197/787/77 1198/801/77
f 1199/804/77 1198/801/77 1197/787/77
f 1200/807/74 1201/808/74 1202/809/74
f 1201/808/74 1200/807/74 1203/810/74
f 1203/810/75 1200/807/75 1201/808/75
f 1202/809/75 1201/808/75 1200/807/75
f 1204/811/78 1205/812/78 1206/813/78
f 1205/812/78 1204/811/78 1207/814/78
f 1207/814/79 1204/811/79 1205/812/79
f 1206/813/79 1205/812/79 1204/811/79
f 1208/815/79 1209/816/79 1210/817/79
f 1209/816/79 1208/815/79 1211/818/79
f 1211/818/78 1208/815/78 1209/816/78
f 1210/817/78 1209/816/78 1208/815/78
f 1212/819/75 1213/820/75 1214/821/75
f 1213/820/75 1212/819/75 1215/822/75
f 1215/822/74 1212/819/74 1213/820/74
f 1214/821/74 1213/820/74 1212/819/74
f 1216/823/79 1217/824/79 1218/825/79
f 1217/824/79 1216/823/79 1219/826/79
f 1219/826/78 1216/823/78 1217/824/78
f 1218/825/78 1217/824/78 1216/823/78
f 1220/827/78 1221/828/78 1222/829/78
f 1221/828/78 1220/827/78 1223/830/78
f 1223/830/79 1220/827/79 1221/828/79
f 1222/829/79 1221/828/79 1220/827/79
f 1224/831/74 1225/832/74 1226/833/74
f 1225/832/74 1224/831/74 1227/834/74
f 1227/834/75 1224/831/75 1225/832/75
f 1226/833/75 1225/832/75 1224/831/75
f 1228/835/77 1229/836/77 1230/837/77
f 1229/836/77 1228/835/77 1231/838/77
f 1231/838/76 1228/835/76 1229/836/76
f 1230/837/76 1229/836/76 1228/835/76
f 1232/839/80 1233/840/80 1234/841/80
f 1233/840/80 1232/839/80 1235/842/80
f 1236/843/81 1237/844/81 1238/845/81
f 1237/844/81 1236/843/81 1239/846/81
f 1240/847/82 1241/848/82 1242/849/82
f 1241/848/82 1240/847/82 1243/850/82
f 1244/851/83 1245/852/83 1246/853/83
f 1245/852/83 1244/851/83 1247/854/83
f 1248/855/84 1249/856/84 1250/857/84
f 1249/856/84 1248/855/84 1251/858/84
f 1252/834/75 1253/832/75 1254/780/75
f 1255/777/75 1254/780/75 1253/832/75
f 1256/859/85 1257/860/85 1258/861/85
f 1257/860/85 1256/859/85 1259/862/85
f 1260/863/86 1261/864/86 1262/865/86
f 1261/864/86 1260/863/86 1263/866/86
f 1264/867/87 1265/868/87 1266/869/87
f 1265/868/87 1264/867/87 1267/870/87
f 1268/871/88 1269/872/88 1270/873/88
f 1269/872/88 1268/871/88 1271/874/88
f 1272/802/77 1273/805/77 1274/803/77
f 1275/806/77 1274/803/77 1273/805/77
f 1190/801/77 1193/804/77 1191/802/77
f 1194/805/77 1191/802/77 1193/804/77
f 1276/822/74 1277/819/74 1278/820/74
f 1279/821/74 1278/820/74 1277/819/74
f 1280/810/75 1281/807/75 1282/808/75
f 1283/809/75 1282/808/75 1281/807/75
f 1284/875/89 1285/876/89 1286/877/89
f 1285/876/89 1284/875/89 1287/878/89
f 1288/879/90 1289/880/90 1290/881/90
f 1289/880/90 1288/879/90 1291/882/90
f 1292/883/91 1293/884/91 1294/885/91
f 1293/884/91 1292/883/91 1295/886/91
f 1296/887/92 1297/888/92 1298/889/92
f 1297/888/92 1296/887/92 1299/890/92
f 1300/891/93 1301/892/93 1302/893/93
f 1301/892/93 1300/891/93 1303/894/93
f 1304/895/94 1305/896/94 1306/897/94
f 1305/896/94 1304/895/94 1307/898/94
f 1308/899/95 1309/900/95 1310/901/95
f 1309/900/95 1308/899/95 1311/902/95
f 1312/903/96 1313/904/96 1314/905/96
f 1313/904/96 1312/903/96 1315/906/96
f 1316/907/77 1317/908/77 1318/909/77
f 1317/908/77 1316/907/77 1319/910/77
f 1320/911/97 1321/912/97 1322/913/97
f 1321/912/97 1320/911/97 1323/914/97
f 1324/915/98 1325/916/98 1326/917/98
f 1325/916/98 1324/915/98 1327/918/98
f 1327/918/98 1324/915/98 1328/919/98
f 1329/920/99 1330/921/99 1331/922/99
f 1330/921/99 1329/920/99 1332/923/99
f 1333/924/100 1334/925/100 1335/926/100
f 1334/925/100 1333/924/100 1336/927/100
f 1337/928/101 1338/929/101 1339/930/101
f 1338/929/101 1337/928/101 1340/931/101
f 1341/932/102 1342/933/102 1343/934/102
f 1342/933/102 1341/932/102 1344/935/102
f 1345/936/103 1346/937/103 1347/938/103
f 1346/937/103 1345/936/103 1348/939/103
f 1349/940/104 1350/941/104 1351/942/104
f 1350/941/104 1349/940/104 1352/943/104
f 1353/944/105 1354/945/105 1355/946/105
f 1354/945/105 1353/944/105 1356/947/105
f 1357/948/106 1358/949/106 1359/950/106
f 1358/949/106 1357/948/106 1360/951/106
f 1361/952/107 1362/953/107 1363/954/107
f 1362/953/107 1361/952/107 1364/955/107
f 1365/956/108 1366/957/108 1367/958/108
f 1366/957/108 1365/956/108 1368/959/108
f 1369/960/109 1370/961/109 1371/962/109
f 1370/961/109 1369/960/109 1372/963/109
f 1373/964/110 1374/965/110 1375/966/110
f 1374/965/110 1373/964/110 1376/967/110
f 1377/968/111 1378/969/111 1379/970/111
f 1378/969/111 1377/968/111 1380/971/111
f 1381/972/112 1382/973/112 1383/974/112
f 1382/973/112 1381/972/112 1384/975/112
f 1385/976/113 1386/977/113 1387/978/113
f 1386/977/113 1385/976/113 1388/979/113
f 1389/980/114 1390/981/114 1391/982/114
f 1390/981/114 1389/980/114 1392/983/114
f 1393/984/115 1394/985/115 1395/986/115
f 1394/985/115 1393/984/115 1396/987/115
f 1397/988/116 1398/989/116 1399/990/116
f 1398/989/116 1397/988/116 1400/991/116
f 1401/992/117 1402/993/117 1403/994/117
f 1402/993/117 1401/992/117 1404/995/117
f 1405/996/118 1406/997/118 1407/998/118
f 1406/997/118 1405/996/118 1408/999/118
f 1409/1000/119 1410/1001/119 1411/1002/119
f 1410/1001/119 1409/1000/119 1412/1003/119
f 1413/1004/120 1414/1005/120 1415/1006/120
f 1414/1005/120 1413/1004/120 1416/1007/120
f 1416/1007/120 1413/1004/120 1417/1008/120
f 1418/1009/121 1419/1010/121 1420/1011/121
f 1419/1010/121 1418/1009/121 1421/1012/121
f 1422/1013/122 1423/1014/122 1424/1015/122
f 1423/1014/122 1422/1013/122 1425/1016/122
f 1426/1017/76 1427/1018/76 1428/1019/76
f 1427/1018/76 1426/1017/76 1429/1020/76
f 1430/1021/76 1431/1022/76 1432/1023/76
f 1431/1022/76 1430/1021/76 1433/1024/76
f 1434/1025/123 1435/1026/123 1436/1027/123
f 1435/1026/123 1434/1025/123 1437/1028/123
f 1438/1029/124 1439/1030/124 1440/1031/124
f 1439/1030/124 1438/1029/124 1441/1032/124
f 1442/1033/125 1437/1028/125 1434/1025/125
f 1437/1028/125 1442/1033/125 1443/1034/125
f 1444/1035/77 1445/1036/77 1446/1037/77
f 1445/1036/77 1444/1035/77 1447/1038/77
f 1448/1039/126 1449/1040/126 1450/1041/126
f 1449/1040/126 1448/1039/126 1451/1042/126
f 1452/1043/127 1453/1044/127 1454/1045/127
f 1453/1044/127 1452/1043/127 1455/1046/127
f 1455/1046/127 1452/1043/127 1456/1047/127
f 1457/1048/93 1458/1049/93 1459/1050/93
f 1458/1049/93 1457/1048/93 1460/1051/93
f 1461/1052/128 1462/1053/128 1463/1054/128
f 1462/1053/128 1461/1052/128 1464/1055/128
f 1465/1056/129 1466/1057/129 1467/1058/129
f 1466/1057/129 1465/1056/129 1468/1059/129
f 1469/1060/78 1470/1061/78 1471/1062/78
f 1470/1061/78 1469/1060/78 1472/1063/78
f 1473/1064/77 1474/1065/77 1475/1066/77
f 1474/1065/77 1473/1064/77 1476/1067/77
f 1477/1068/130 1478/1069/130 1479/1070/130
f 1478/1069/130 1477/1068/130 1480/1071/130
f 1480/1071/130 1477/1068/130 1481/1072/130
f 1482/1073/99 1483/1074/99 1484/1075/99
f 1483/1074/99 1482/1073/99 1485/1076/99
f 1486/1077/100 1487/1078/100 1488/1079/100
f 1487/1078/100 1486/1077/100 1489/1080/100
f 1490/1081/101 1491/1082/101 1492/1083/101
f 1491/1082/101 1490/1081/101 1493/1084/101
f 1494/1085/102 1495/1086/102 1496/1087/102
f 1495/1086/102 1494/1085/102 1497/1088/102
f 1498/1089/103 1499/1090/103 1500/1091/103
f 1499/1090/103 1498/1089/103 1501/1092/103
f 1502/1093/104 1503/1094/104 1504/1095/104
f 1503/1094/104 1502/1093/104 1505/1096/104
f 1506/1097/105 1507/1098/105 1508/1099/105
f 1507/1098/105 1506/1097/105 1509/1100/105
f 1510/1101/106 1511/1102/106 1512/1103/106
f 1511/1102/106 1510/1101/106 1513/1104/106
f 1514/1105/107 1515/1106/107 1516/1107/107
f 1515/1106/107 1514/1105/107 1517/1108/107
f 1518/1109/108 1519/1110/108 1520/1111/108
f 1519/1110/108 1518/1109/108 1521/1112/108
f 1522/1113/109 1523/1114/109 1524/1115/109
f 1523/1114/109 1522/1113/109 1525/1116/109
f 1526/1117/110 1527/1118/110 1528/1119/110
f 1527/1118/110 1526/1117/110 1529/1120/110
f 1530/1121/111 1531/1122/111 1532/1123/111
f 1531/1122/111 1530/1121/111 1533/1124/111
f 1534/1125/112 1535/1126/112 1536/1127/112
f 1535/1126/112 1534/1125/112 1537/1128/112
f 1538/1129/113 1539/1130/113 1540/1131/113
f 1539/1130/113 1538/1129/113 1541/1132/113
f 1542/1133/114 1543/1134/114 1544/1135/114
f 1543/1134/114 1542/1133/114 1545/1136/114
f 1546/1137/115 1547/1138/115 1548/1139/115
f 1547/1138/115 1546/1137/115 1549/1140/115
f 1550/1141/116 1551/1142/116 1552/1143/116
f 1551/1142/116 1550/1141/116 1553/1144/116
f 1554/1145/117 1555/1146/117 1556/1147/117
f 1555/1146/117 1554/1145/117 1557/1148/117
f 1558/1149/118 1559/1150/118 1560/1151/118
f 1559/1150/118 1558/1149/118 1561/1152/118
f 1562/1153/119 1563/1154/119 1564/1155/119
f 1563/1154/119 1562/1153/119 1565/1156/119
f 1566/1157/120 1567/1158/120 1568/1159/120
f 1567/1158/120 1566/1157/120 1569/1160/120
f 1569/1160/120 1566/1157/120 1570/1161/120
f 1571/1162/76 1572/1163/76 1573/1164/76
f 1572/1163/76 1571/1162/76 1574/1165/76
f 1575/1021/76 1576/1166/76 1577/1167/76
f 1576/1166/76 1575/1021/76 1578/1024/76
f 1579/1168/131 1580/1169/131 1581/1170/131
f 1580/1169/131 1579/1168/131 1582/1171/131
f 1583/1017/76 1584/1172/76 1585/1173/76
f 1584/1172/76 1583/1017/76 1586/1020/76
f 1587/1174/132 1588/1175/132 1589/1176/132
f 1588/1175/132 1587/1174/132 1590/1177/132
f 1591/1178/77 1592/1179/77 1593/1180/77
f 1592/1179/77 1591/1178/77 1594/1181/77
f 1595/1182/133 1596/1183/133 1597/1184/133
f 1596/1183/133 1595/1182/133 1598/1185/133
f 1598/1185/133 1595/1182/133 1599/1186/133
f 1600/1187/134 1601/1188/134 1602/1189/134
f 1601/1188/134 1600/1187/134 1603/1190/134
f 1604/1035/77 1605/1191/77 1606/1192/77
f 1605/1191/77 1604/1035/77 1607/1038/77
f 1608/1193/135 1609/1194/135 1610/1195/135
f 1609/1194/135 1608/1193/135 1611/1196/135
f 1612/1197/136 1613/1198/136 1614/1199/136
f 1613/1198/136 1612/1197/136 1615/1200/136
f 1616/1201/135 1617/1202/135 1618/1203/135
f 1617/1202/135 1616/1201/135 1619/1204/135
f 1620/1205/137 1621/1206/137 1622/1207/137
f 1621/1206/137 1620/1205/137 1623/1208/137
f 1624/1209/138 1625/1210/138 1626/1211/138
f 1625/1210/138 1624/1209/138 1627/1212/138
f 1628/1213/139 1629/1214/139 1630/889/139
f 1629/1214/139 1628/1213/139 1631/1215/139
f 1632/1216/140 1633/1194/140 1634/1217/140
f 1633/1194/140 1632/1216/140 1635/1218/140
f 1636/1219/141 1637/1220/141 1638/1221/141
f 1637/1220/141 1636/1219/141 1639/1222/141
f 1640/1223/140 1641/1224/140 1642/1225/140
f 1641/1224/140 1640/1223/140 1643/1226/140
f 1644/1227/142 1645/1228/142 1646/1229/142
f 1645/1228/142 1644/1227/142 1647/1230/142
f 1648/1231/143 1649/1232/143 1650/1233/143
f 1649/1232/143 1648/1231/143 1651/1234/143
f 1652/1235/144 1653/1236/144 1654/1237/144
f 1653/1236/144 1652/1235/144 1655/1238/144
f 1656/1239/145 1657/1240/145 1658/1241/145
f 1657/1240/145 1656/1239/145 1659/1242/145
f 1660/1243/92 1661/1244/92 1662/1245/92
f 1661/1244/92 1660/1243/92 1663/1246/92
f 1664/1247/145 1665/1248/145 1666/1249/145
f 1665/1248/145 1664/1247/145 1667/1250/145
f 1668/1251/92 1669/1252/92 1670/1253/92
f 1669/1252/92 1668/1251/92 1671/1254/92
f 1672/1255/144 1673/1256/144 1674/1257/144
f 1673/1256/144 1672/1255/144 1675/1258/144
f 1676/1259/143 1677/1260/143 1678/1261/143
f 1677/1260/143 1676/1259/143 1679/1262/143
f 1680/1263/142 1681/1264/142 1682/1265/142
f 1681/1264/142 1680/1263/142 1683/1266/142
f 1684/1267/146 1685/1268/146 1686/1269/146
f 1685/1268/146 1684/1267/146 1687/1270/146
f 1688/1271/139 1689/1272/139 1690/1273/139
f 1689/1272/139 1688/1271/139 1691/1274/139
f 1692/1275/147 1693/1276/147 1694/1277/147
f 1693/1276/147 1692/1275/147 1695/1278/147
f 1696/1279/148 1697/1280/148 1698/1281/148
f 1697/1280/148 1696/1279/148 1699/1282/148
f 1700/1283/149 1701/1284/149 1702/1285/149
f 1701/1284/149 1700/1283/149 1703/1286/149
f 1704/1287/146 1705/1288/146 1706/1289/146
f 1705/1288/146 1704/1287/146 1707/1290/146
f 1708/1291/139 1709/1292/139 1710/1293/139
f 1709/1292/139 1708/1291/139 1711/1294/139
f 1712/1295/147 1713/1296/147 1714/1297/147
f 1713/1296/147 1712/1295/147 1715/1298/147
f 1716/1299/148 1717/1300/148 1718/1301/148
f 1717/1300/148 1716/1299/148 1719/1302/148
f 1720/1303/149 1721/1304/149 1722/1305/149
f 1721/1304/149 1720/1303/149 1723/1306/149
# Vertices: 560, normals: 76, texture coordinates: 530, faces: 316

o obj13
v 255.33099365 30.14696243 -121.51119476
v 254.80119324 30.58518362 -128.17840033
v 254.80119324 30.58518339 -121.51119475
v 255.33099365 30.14696266 -128.17840034
v 255.33099365 28.02196273 -128.17840042
v 255.33099365 30.14696243 -121.51119476
v 255.33099365 28.0219625 -121.51119483
v 255.33099365 30.14696266 -128.17840034
v 255.33099365 28.02196273 -128.17840042
v 255.13749695 27.8910936 -121.51119484
v 255.13749695 27.89109383 -128.17840042
v 255.33099365 28.0219625 -121.51119483
v 254.90130615 27.45037424 -128.17840043
v 255.13749695 27.8910936 -121.51119484
v 254.90130615 27.45037401 -121.51119485
v 255.13749695 27.89109383 -128.17840042
v 254.90130615 27.45037424 -128.17840043
v 254.56210327 27.21624316 -121.51119486
v 254.56210327 27.21624338 -128.17840044
v 254.90130615 27.45037401 -121.51119485
v 254.40600586 26.94556392 -128.17840045
v 254.56210327 27.21624316 -121.51119486
v 254.40600586 26.94556369 -121.51119487
v 254.56210327 27.21624338 -128.17840044
v 254.40170288 26.90037311 -128.14489215
v 254.40600586 26.94556369 -121.51119487
v 254.40170288 26.90037288 -121.51119487
v 254.40600586 26.94556392 -128.17840045
v 254.40170288 26.65037312 -128.14489216
v 254.40170288 26.90037288 -121.51119487
v 254.40170288 26.65037289 -121.51119488
v 254.40170288 26.90037311 -128.14489215
v 254.40170288 26.65037312 -128.14489216
v 254.07670593 26.35751287 -121.51119489
v 254.07670593 26.3575131 -128.14489217
v 254.40170288 26.65037289 -121.51119488
v 296.11151123 28.03502425 -128.01468887
v 295.88171387 28.24675307 -121.51119483
v 295.88171387 28.24675329 -128.01468887
v 296.11151123 28.03502403 -121.51119483
v 296.11151123 28.03502425 -128.01468887
v 296.11151123 27.59752404 -121.51119485
v 296.11151123 28.03502403 -121.51119483
v 296.11151123 27.59752427 -128.01468889
v 296.69180298 27.2289139 -128.0146889
v 296.11151123 27.59752404 -121.51119485
v 296.11151123 27.59752427 -128.01468889
v 296.69180298 27.22891367 -121.51119486
v 296.69180298 27.2289139 -128.0146889
v 296.69180298 26.85391369 -121.51119487
v 296.69180298 27.22891367 -121.51119486
v 296.69180298 26.85391391 -128.01468891
v 297.04251099 26.59230389 -128.01468892
v 296.69180298 26.85391369 -121.51119487
v 296.69180298 26.85391391 -128.01468891
v 297.04251099 26.59230366 -121.51119488
v 297.09259033 26.55493321 -128.01468892
v 297.09259033 26.55493298 -121.51119488
v 204.06129456 26.60854306 -128.20939106
v 203.78269958 26.35751287 -121.51119489
v 203.78269958 26.3575131 -128.20939107
v 204.10769653 26.65037289 -121.51119488
v 204.10769653 26.65037312 -128.20939106
v 204.10769653 26.65037312 -128.20939106
v 204.10769653 26.90037288 -121.51119487
v 204.10769653 26.65037289 -121.51119488
v 204.10769653 26.90037311 -128.20939105
v 204.10769653 26.90037311 -128.20939105
v 204.11199951 26.94556369 -121.51119487
v 204.10769653 26.90037288 -121.51119487
v 204.11199951 26.94556392 -128.20939105
v 204.11199951 26.94556392 -128.20939105
v 204.26820374 27.21624316 -121.51119486
v 204.11199951 26.94556369 -121.51119487
v 204.26820374 27.21624339 -128.20939104
v 204.60740662 27.45037424 -128.20939103
v 204.26820374 27.21624316 -121.51119486
v 204.26820374 27.21624339 -128.20939104
v 204.60740662 27.45037401 -121.51119485
v 204.60740662 27.45037424 -128.20939103
v 204.84350586 27.8910936 -121.51119484
v 204.60740662 27.45037401 -121.51119485
v 204.84350586 27.89109383 -128.20939102
v 205.61210632 27.89109383 -128.20939102
v 204.84350586 27.8910936 -121.51119484
v 204.84350586 27.89109383 -128.20939102
v 205.61210632 27.8910936 -121.51119484
v 205.61210632 27.89109383 -128.20939102
v 205.61210632 29.70359354 -121.51119478
v 205.61210632 27.8910936 -121.51119484
v 205.61210632 29.70359376 -128.20939096
v 205.61210632 29.70359354 -121.51119478
v 204.81440735 30.19617416 -128.20939094
v 204.81440735 30.19617393 -121.51119476
v 205.61210632 29.70359376 -128.20939096
v 296.51889038 4.16E-06 -121.51119579
v 254.70550537 1.39943055 -134.85009299
v 254.70550537 4.16E-06 -121.51119579
v 296.51889038 1.39943055 -134.85009299
v 296.51889038 1.39943055 -134.85009299
v 254.70550537 2.38934073 -137.51119516
v 254.70550537 1.39943055 -134.85009299
v 296.51889038 2.38934073 -137.51119516
v 246.2250061 4.16E-06 -121.51119579
v 204.41160583 0.83747392 -127.82399309
v 204.41160583 4.16E-06 -121.51119579
v 246.2250061 0.83747392 -127.82399309
v 204.41160583 1.81505862 -135.19298847
v 246.2250061 1.81505862 -135.19298847
v 246.2250061 1.81505862 -135.19298847
v 204.41160583 2.80589255 -137.51119515
v 204.41160583 1.81505862 -135.19298847
v 246.2250061 2.80589255 -137.51119515
v 305.45199585 78.99504994 -120.51119312
v 303.20199585 78.99504998 -121.51119309
v 303.20199585 78.99504994 -120.51119312
v 305.45199585 78.99504998 -121.51119309
v 197.45280457 78.39924003 -120.51119314
v 195.64030457 78.39924006 -121.51119311
v 195.64030457 78.39924003 -120.51119314
v 197.45280457 78.39924006 -121.51119311
v 306.35861206 30.48015334 -121.51119475
v 305.10949707 30.48015335 -121.82369474
v 305.10949707 30.48015334 -121.51119475
v 306.35861206 30.48015335 -121.82369474
v 306.78659058 30.22156265 -121.51119476
v 306.35861206 30.48015335 -121.82369474
v 306.35861206 30.48015334 -121.51119475
v 306.78659058 30.22156266 -121.82369475
v 306.48980713 26.62500326 -121.82369487
v 304.36480713 26.62500325 -121.51119488
v 304.36480713 26.62500326 -121.82369487
v 306.48980713 26.62500325 -121.51119488
v 320.3671875 136.21710146 -118.88619122
v 320.90750122 136.82389779 -121.51119111
v 320.90750122 136.8238977 -118.8861912
v 320.3671875 136.21710152 -120.57369116
v 320.3671875 136.21710155 -121.51119113
v 320.90750122 136.82389779 -121.51119111
v 320.90750122 138.32389765 -118.88619115
v 320.90750122 136.8238977 -118.8861912
v 320.90750122 138.32389774 -121.51119106
v 320.90750122 138.32389765 -118.88619115
v 316.53250122 138.32389774 -121.51119106
v 316.53250122 138.32389765 -118.88619115
v 320.90750122 138.32389774 -121.51119106
v 316.53250122 138.32389774 -121.51119106
v 316.53250122 136.8238977 -118.8861912
v 316.53250122 138.32389765 -118.88619115
v 316.53250122 136.82389779 -121.51119111
v 316.53250122 136.82389779 -121.51119111
v 317.0546875 136.21710146 -118.88619122
v 316.53250122 136.8238977 -118.8861912
v 317.0546875 136.21710152 -120.57369116
v 317.0546875 136.21710155 -121.51119113
v 319.67349243 129.50280734 -121.51119136
v 317.73599243 129.50280731 -120.57369139
v 317.73599243 129.50280734 -121.51119136
v 319.67349243 129.50280731 -120.57369139
v 300.01528931 140.19740231 -121.51119099
v 339.89028931 140.19740228 -120.44869103
v 300.01528931 140.19740228 -120.44869103
v 339.89028931 140.19740231 -121.51119099
vn 0.63741 -0 0.77052
vn 1 -0 -0
vn 0.56023 0 -0.82834
vn 0.88144 -0 -0.4723
vn 0.56808 0 -0.82297
vn 0.86617 -0 -0.49975
vn 0.99554 0 -0.09435
vn 0.66941 0 -0.74289
vn -0.67754 0 -0.73548
vn -1 0 0
vn -0.53617 0 -0.84411
vn -0.59796 0 -0.80153
vn -0.59796 -0 -0.80153
vn 0.66941 -0 -0.74289
vn 0.99554 -0 -0.09435
vn 0 0 -1
vn 0.52542 -0 0.85084
vn -0 -0.10434 0.99454
vn -0 -0.34865 0.93725
vn -0 -0.13151 0.99131
vn -0 -0.39302 0.91953
vn 0 0 1
vn -0 -0 1
vn 0.51718 -0 0.85588
vn -0 0 -1
vn 0.74688 0 -0.66496
vn 1 -0 0
vn 0 -0 1
vn -1 0 0
vn -0.75798 0 -0.65228
vn 0 0 -1
vn 0 0 -1
vt 13.50124 86.80251
vt 14.24204 86.47022
vt 13.50124 86.47022
vt 14.24204 86.80251
vt 13.7289 -12.99149
vt 12.9881 -14.01857
vt 12.9881 -12.99149
vt 13.7289 -14.01857
vt 14.24204 -108.8128
vt 13.50124 -108.6999
vt 14.24204 -108.6999
vt 13.50124 -108.8128
vt 14.24204 -68.88287
vt 13.50124 -69.12454
vt 13.50124 -68.88287
vt 14.24204 -69.12454
vt 14.24204 -107.9294
vt 13.50124 -107.7302
vt 14.24204 -107.7302
vt 13.50124 -107.9294
vt 14.24204 -71.73186
vt 13.50124 -71.8829
vt 13.50124 -71.73186
vt 14.24204 -71.8829
vt 14.23832 -23.54529
vt 13.50124 -23.56723
vt 13.50124 -23.54529
vt 14.24204 -23.56723
vt 14.23832 -11.88101
vt 13.50124 -12.00185
vt 13.50124 -11.88101
vt 14.23832 -12.00185
vt 14.23832 -98.96934
vt 13.50124 -98.75788
vt 14.23832 -98.75788
vt 13.50124 -98.96934
vt -14.22385 97.08171
vt -13.50124 96.93066
vt -14.22385 96.93066
vt -13.50124 97.08171
vt -14.22385 -12.55026
vt -13.50124 -12.3388
vt -13.50124 -12.55026
vt -14.22385 -12.3388
vt -14.22385 114.9902
vt -13.50124 114.6579
vt -14.22385 114.6579
vt -13.50124 114.9902
vt -14.22385 -12.16064
vt -13.50124 -11.97939
vt -13.50124 -12.16064
vt -14.22385 -11.97939
vt -14.22385 108.3905
vt -13.50124 108.1791
vt -14.22385 108.1791
vt -13.50124 108.3905
vt -14.22385 108.4207
vt -13.50124 108.4207
vt 14.24548 -80.88034
vt 13.50124 -80.69909
vt 14.24548 -80.69909
vt 13.50124 -80.91055
vt 14.24548 -80.91055
vt 14.24548 -11.88101
vt 14.24548 -12.00185
vt 14.24548 -21.25175
vt 13.50124 -21.27368
vt 13.50124 -21.25175
vt 14.24548 -21.27368
vt 14.24548 -59.58347
vt 13.50124 -59.73451
vt 13.50124 -59.58347
vt 14.24548 -59.73451
vt 14.24548 -87.92392
vt 13.50124 -87.72472
vt 14.24548 -87.72472
vt 13.50124 -87.92392
vt 14.24548 -57.40189
vt 13.50124 -57.64356
vt 13.50124 -57.40189
vt 14.24548 -57.64356
vt -22.31774 -57.32917
vt -23.06197 -56.9577
vt -22.31774 -56.9577
vt -23.06197 -57.32917
vt 13.73531 -12.15256
vt 12.99107 -13.0286
vt 12.99107 -12.15256
vt 13.73531 -13.0286
vt 13.50124 78.01263
vt 14.24548 77.5595
vt 13.50124 77.5595
vt 14.24548 78.01263
vt 32.94655 -57.40984
vt 28.30062 -63.89235
vt 28.30062 -57.40984
vt 32.94655 -63.89235
vt 32.94655 -60.3237
vt 28.30062 -61.69602
vt 28.30062 -60.3237
vt 32.94655 -61.69602
vt 27.35833 -57.22034
vt 22.7124 -60.29827
vt 22.7124 -57.22034
vt 27.35833 -60.29827
vt 22.7124 -63.89115
vt 27.35833 -63.89115
vt 27.35833 -59.42978
vt 22.7124 -60.64829
vt 22.7124 -59.42978
vt 27.35833 -60.64829
vt 33.93911 -57.24708
vt 33.68911 -57.73041
vt 33.68911 -57.24708
vt 33.93911 -57.73041
vt 21.9392 -57.24708
vt 21.73781 -57.73041
vt 21.73781 -57.24708
vt 21.9392 -57.73041
vt 34.03985 -57.73041
vt 33.90105 -57.88146
vt 33.90105 -57.73041
vt 34.03985 -57.88146
vt 13.50124 120.3552
vt 13.53597 120.1136
vt 13.50124 120.1136
vt 13.53597 120.3552
vt -34.05442 -57.88146
vt -33.81831 -57.73041
vt -33.81831 -57.88146
vt -34.05442 -57.73041
vt 13.20958 -151.13879
vt 13.50124 -151.53149
vt 13.20958 -151.53149
vt 13.39708 -151.13879
vt 13.50124 -151.13879
vt 13.50124 -65.13157
vt 13.20958 -65.85657
vt 13.20958 -65.13157
vt 13.50124 -65.85657
vt 35.65639 -56.46166
vt 35.17028 -57.73041
vt 35.17028 -56.46166
vt 35.65639 -57.73041
vt -13.50124 -65.85657
vt -13.20958 -65.13157
vt -13.20958 -65.85657
vt -13.50124 -65.13157
vt -13.50125 50.66684
vt -13.20958 51.0538
vt -13.20958 50.66684
vt -13.39708 51.0538
vt -13.50125 51.0538
vt -35.51928 -57.73043
vt -35.304 -57.27731
vt -35.304 -57.73043
vt -35.51928 -57.27731
vt -33.33503 -57.73042
vt -37.76559 -57.21688
vt -33.33503 -57.21688
vt -37.76559 -57.73042
usemtl mat3
f 1724/1307/150 1725/1308/150 1726/1309/150
f 1725/1308/150 1724/1307/150 1727/1310/150
f 1728/1311/151 1729/1312/151 1730/1313/151
f 1729/1312/151 1728/1311/151 1731/1314/151
f 1732/1315/152 1733/1316/152 1734/1317/152
f 1733/1316/152 1732/1315/152 1735/1318/152
f 1736/1319/153 1737/1320/153 1738/1321/153
f 1737/1320/153 1736/1319/153 1739/1322/153
f 1740/1323/154 1741/1324/154 1742/1325/154
f 1741/1324/154 1740/1323/154 1743/1326/154
f 1744/1327/155 1745/1328/155 1746/1329/155
f 1745/1328/155 1744/1327/155 1747/1330/155
f 1748/1331/156 1749/1332/156 1750/1333/156
f 1749/1332/156 1748/1331/156 1751/1334/156
f 1752/1335/151 1753/1336/151 1754/1337/151
f 1753/1336/151 1752/1335/151 1755/1338/151
f 1756/1339/157 1757/1340/157 1758/1341/157
f 1757/1340/157 1756/1339/157 1759/1342/157
f 1760/1343/158 1761/1344/158 1762/1345/158
f 1761/1344/158 1760/1343/158 1763/1346/158
f 1764/1347/159 1765/1348/159 1766/1349/159
f 1765/1348/159 1764/1347/159 1767/1350/159
f 1768/1351/160 1769/1352/160 1770/1353/160
f 1769/1352/160 1768/1351/160 1771/1354/160
f 1772/1355/159 1773/1356/159 1774/1357/159
f 1773/1356/159 1772/1355/159 1775/1358/159
f 1776/1359/161 1777/1360/161 1778/1361/161
f 1777/1360/161 1776/1359/161 1779/1362/161
f 1780/1363/162 1779/1362/162 1776/1359/162
f 1779/1362/162 1780/1363/162 1781/1364/162
f 1782/1365/163 1783/1366/163 1784/1367/163
f 1783/1366/163 1782/1365/163 1785/1368/163
f 1785/1368/163 1782/1365/163 1786/1369/163
f 1787/1370/151 1788/1336/151 1789/1337/151
f 1788/1336/151 1787/1370/151 1790/1371/151
f 1791/1372/164 1792/1373/164 1793/1374/164
f 1792/1373/164 1791/1372/164 1794/1375/164
f 1795/1376/155 1796/1377/155 1797/1378/155
f 1796/1377/155 1795/1376/155 1798/1379/155
f 1799/1380/154 1800/1381/154 1801/1382/154
f 1800/1381/154 1799/1380/154 1802/1383/154
f 1803/1384/153 1804/1385/153 1805/1386/153
f 1804/1385/153 1803/1384/153 1806/1387/153
f 1807/1388/165 1808/1389/165 1809/1390/165
f 1808/1389/165 1807/1388/165 1810/1391/165
f 1811/1392/151 1812/1393/151 1813/1394/151
f 1812/1393/151 1811/1392/151 1814/1395/151
f 1815/1396/166 1816/1397/166 1817/1398/166
f 1816/1397/166 1815/1396/166 1818/1399/166
f 1819/1400/167 1820/1401/167 1821/1402/167
f 1820/1401/167 1819/1400/167 1822/1403/167
f 1823/1404/168 1824/1405/168 1825/1406/168
f 1824/1405/168 1823/1404/168 1826/1407/168
f 1827/1408/169 1828/1409/169 1829/1410/169
f 1828/1409/169 1827/1408/169 1830/1411/169
f 1830/1411/169 1831/1412/169 1828/1409/169
f 1831/1412/169 1830/1411/169 1832/1413/169
f 1833/1414/170 1834/1415/170 1835/1416/170
f 1834/1415/170 1833/1414/170 1836/1417/170
f 1837/1418/171 1838/1419/171 1839/1420/171
f 1838/1419/171 1837/1418/171 1840/1421/171
f 1841/1422/171 1842/1423/171 1843/1424/171
f 1842/1423/171 1841/1422/171 1844/1425/171
f 1845/1426/172 1846/1427/172 1847/1428/172
f 1846/1427/172 1845/1426/172 1848/1429/172
f 1849/1430/173 1850/1431/173 1851/1432/173
f 1850/1431/173 1849/1430/173 1852/1433/173
f 1853/1434/174 1854/1435/174 1855/1436/174
f 1854/1435/174 1853/1434/174 1856/1437/174
f 1857/1438/175 1858/1439/175 1859/1440/175
f 1858/1439/175 1857/1438/175 1860/1441/175
f 1858/1439/175 1860/1441/175 1861/1442/175
f 1862/1443/176 1863/1444/176 1864/1445/176
f 1863/1444/176 1862/1443/176 1865/1446/176
f 1866/1447/177 1867/1448/177 1868/1449/177
f 1867/1448/177 1866/1447/177 1869/1450/177
f 1870/1451/178 1871/1452/178 1872/1453/178
f 1871/1452/178 1870/1451/178 1873/1454/178
f 1874/1455/179 1875/1456/179 1876/1457/179
f 1875/1456/179 1874/1455/179 1877/1458/179
f 1877/1458/179 1874/1455/179 1878/1459/179
f 1879/1460/180 1880/1461/180 1881/1462/180
f 1880/1461/180 1879/1460/180 1882/1463/180
f 1883/1464/181 1884/1465/181 1885/1466/181
f 1884/1465/181 1883/1464/181 1886/1467/181
# Vertices: 163, normals: 32, texture coordinates: 161, faces: 85

o obj14
v 335.93609619 71.96869829 -121.51119333
v 335.99859619 74.21869819 -120.76119328
v 335.93609619 71.96869826 -120.76119335
v 335.99859619 74.21869821 -121.51119325
v 335.99859619 74.21869819 -120.76119328
v 334.81109619 74.21869821 -121.51119325
v 334.81109619 74.21869819 -120.76119328
v 335.99859619 74.21869821 -121.51119325
v 334.81109619 74.21869821 -121.51119325
v 334.81109619 79.03119802 -120.76119311
v 334.81109619 74.21869819 -120.76119328
v 334.81109619 79.03119805 -121.51119309
v 334.81109619 79.03119802 -120.76119311
v 332.68609619 79.03119805 -121.51119309
v 332.68609619 79.03119802 -120.76119311
v 334.81109619 79.03119805 -121.51119309
v 332.68609619 79.03119805 -121.51119309
v 332.68609619 74.21869819 -120.76119328
v 332.68609619 79.03119802 -120.76119311
v 332.68609619 74.21869821 -121.51119325
v 332.68609619 74.21869819 -120.76119328
v 331.49859619 74.21869821 -121.51119325
v 331.49859619 74.21869819 -120.76119328
v 332.68609619 74.21869821 -121.51119325
v 331.49859619 74.21869821 -121.51119325
v 331.49859619 71.96869826 -120.76119335
v 331.49859619 74.21869819 -120.76119328
v 331.49859619 71.96869829 -121.51119333
v 198.07929993 141.31249924 -119.19869103
v 198.93800354 138.90469295 -119.88619109
v 198.93800354 138.90469293 -119.19869112
v 198.07929993 141.31249932 -121.51119096
v 199.27510071 137.95959416 -121.51119107
v 199.27510071 137.95959411 -119.88619113
v 199.27510071 137.95959416 -121.51119107
v 202.21710205 133.8397975 -119.88619127
v 199.27510071 137.95959411 -119.88619113
v 202.21710205 133.83979755 -121.51119121
v 299.35140991 138.90469295 -119.88619109
v 198.93800354 138.90469293 -119.19869112
v 198.93800354 138.90469295 -119.88619109
v 299.35140991 138.90469293 -119.19869112
v 299.35140991 138.90469295 -119.88619109
v 300.01528931 140.19740224 -119.19869107
v 299.35140991 138.90469293 -119.19869112
v 300.01528931 140.19740228 -120.44869103
v 296.64599609 133.63699294 -119.88619127
v 296.64599609 133.63699299 -121.51119122
v 300.01528931 140.19740231 -121.51119099
v 296.64599609 133.63699299 -121.51119122
v 295.89599609 133.63699294 -119.88619127
v 295.89599609 133.63699299 -121.51119122
v 296.64599609 133.63699294 -119.88619127
v 295.89599609 130.4494931 -121.51119133
v 295.89599609 133.63699294 -119.88619127
v 295.89599609 130.44949305 -119.88619138
v 295.89599609 133.63699299 -121.51119122
v 295.89599609 130.4494931 -121.51119133
v 293.08349609 130.44949305 -119.88619138
v 293.08349609 130.4494931 -121.51119133
v 295.89599609 130.44949305 -119.88619138
v 293.08349609 133.55990559 -121.51119122
v 293.08349609 130.44949305 -119.88619138
v 293.08349609 133.55990554 -119.88619128
v 293.08349609 130.4494931 -121.51119133
v 293.08349609 133.55990559 -121.51119122
v 287.77099609 133.55990554 -119.88619128
v 287.77099609 133.55990559 -121.51119122
v 293.08349609 133.55990554 -119.88619128
v 287.77099609 130.4494931 -121.51119133
v 287.77099609 133.55990554 -119.88619128
v 287.77099609 130.44949305 -119.88619138
v 287.77099609 133.55990559 -121.51119122
v 287.77099609 130.4494931 -121.51119133
v 284.95849609 130.44949305 -119.88619138
v 284.95849609 130.4494931 -121.51119133
v 287.77099609 130.44949305 -119.88619138
v 284.95849609 133.55990559 -121.51119122
v 284.95849609 130.44949305 -119.88619138
v 284.95849609 133.55990554 -119.88619128
v 284.95849609 130.4494931 -121.51119133
v 284.95849609 133.55990559 -121.51119122
v 279.39599609 133.55990554 -119.88619128
v 279.39599609 133.55990559 -121.51119122
v 284.95849609 133.55990554 -119.88619128
v 279.39599609 130.4494931 -121.51119133
v 279.39599609 133.55990554 -119.88619128
v 279.39599609 130.44949305 -119.88619138
v 279.39599609 133.55990559 -121.51119122
v 279.39599609 130.4494931 -121.51119133
v 276.83349609 130.44949305 -119.88619138
v 276.83349609 130.4494931 -121.51119133
v 279.39599609 130.44949305 -119.88619138
v 276.83349609 133.55990559 -121.51119122
v 276.83349609 130.44949305 -119.88619138
v 276.83349609 133.55990554 -119.88619128
v 276.83349609 130.4494931 -121.51119133
v 276.83349609 133.55990559 -121.51119122
v 271.39599609 133.55990554 -119.88619128
v 271.39599609 133.55990559 -121.51119122
v 276.83349609 133.55990554 -119.88619128
v 271.39599609 130.4494931 -121.51119133
v 271.39599609 133.55990554 -119.88619128
v 271.39599609 130.44949305 -119.88619138
v 271.39599609 133.55990559 -121.51119122
v 271.39599609 130.4494931 -121.51119133
v 268.52099609 130.44949305 -119.88619138
v 268.52099609 130.4494931 -121.51119133
v 271.39599609 130.44949305 -119.88619138
v 268.52099609 133.55990559 -121.51119122
v 268.52099609 130.44949305 -119.88619138
v 268.52099609 133.55990554 -119.88619128
v 268.52099609 130.4494931 -121.51119133
v 268.52099609 133.55990559 -121.51119122
v 263.33349609 133.55990554 -119.88619128
v 263.33349609 133.55990559 -121.51119122
v 268.52099609 133.55990554 -119.88619128
v 263.33349609 130.32629364 -121.51119133
v 263.33349609 133.55990554 -119.88619128
v 263.33349609 130.32629359 -119.88619139
v 263.33349609 133.55990559 -121.51119122
v 263.33349609 130.32629364 -121.51119133
v 260.20849609 130.32629359 -119.88619139
v 260.20849609 130.32629364 -121.51119133
v 263.33349609 130.32629359 -119.88619139
v 260.20849609 133.55990559 -121.51119122
v 260.20849609 130.32629359 -119.88619139
v 260.20849609 133.55990554 -119.88619128
v 260.20849609 130.32629364 -121.51119133
v 260.20849609 133.55990559 -121.51119122
v 255.08349609 133.55990554 -119.88619128
v 255.08349609 133.55990559 -121.51119122
v 260.20849609 133.55990554 -119.88619128
v 255.08349609 130.32629364 -121.51119133
v 255.08349609 133.55990554 -119.88619128
v 255.08349609 130.32629359 -119.88619139
v 255.08349609 133.55990559 -121.51119122
v 255.08349609 130.32629364 -121.51119133
v 252.20849609 130.32629359 -119.88619139
v 252.20849609 130.32629364 -121.51119133
v 255.08349609 130.32629359 -119.88619139
v 252.20849609 133.55990559 -121.51119122
v 252.20849609 130.32629359 -119.88619139
v 252.20849609 133.55990554 -119.88619128
v 252.20849609 130.32629364 -121.51119133
v 252.20849609 133.55990559 -121.51119122
v 246.77099609 133.55990554 -119.88619128
v 246.77099609 133.55990559 -121.51119122
v 252.20849609 133.55990554 -119.88619128
v 246.77099609 130.32629364 -121.51119133
v 246.77099609 133.55990554 -119.88619128
v 246.77099609 130.32629359 -119.88619139
v 246.77099609 133.55990559 -121.51119122
v 246.77099609 130.32629364 -121.51119133
v 243.83349609 130.32629359 -119.88619139
v 243.83349609 130.32629364 -121.51119133
v 246.77099609 130.32629359 -119.88619139
v 243.83349609 133.55990559 -121.51119122
v 243.83349609 130.32629359 -119.88619139
v 243.83349609 133.55990554 -119.88619128
v 243.83349609 130.32629364 -121.51119133
v 243.83349609 133.55990559 -121.51119122
v 238.58990479 133.55990554 -119.88619128
v 238.58990479 133.55990559 -121.51119122
v 243.83349609 133.55990554 -119.88619128
v 238.58990479 130.32629364 -121.51119133
v 238.58990479 133.55990554 -119.88619128
v 238.58990479 130.32629359 -119.88619139
v 238.58990479 133.55990559 -121.51119122
v 238.58990479 130.32629364 -121.51119133
v 235.77740479 130.32629359 -119.88619139
v 235.77740479 130.32629364 -121.51119133
v 238.58990479 130.32629359 -119.88619139
v 235.77740479 133.55990559 -121.51119122
v 235.77740479 130.32629359 -119.88619139
v 235.77740479 133.55990554 -119.88619128
v 235.77740479 130.32629364 -121.51119133
v 235.77740479 133.55990559 -121.51119122
v 230.40240479 133.55990554 -119.88619128
v 230.40240479 133.55990559 -121.51119122
v 235.77740479 133.55990554 -119.88619128
v 230.40240479 130.32629364 -121.51119133
v 230.40240479 133.55990554 -119.88619128
v 230.40240479 130.32629359 -119.88619139
v 230.40240479 133.55990559 -121.51119122
v 230.40240479 130.32629364 -121.51119133
v 227.46490479 130.32629359 -119.88619139
v 227.46490479 130.32629364 -121.51119133
v 230.40240479 130.32629359 -119.88619139
v 227.46490479 133.55990559 -121.51119122
v 227.46490479 130.32629359 -119.88619139
v 227.46490479 133.55990554 -119.88619128
v 227.46490479 130.32629364 -121.51119133
v 227.46490479 133.55990559 -121.51119122
v 222.40240479 133.55990554 -119.88619128
v 222.40240479 133.55990559 -121.51119122
v 227.46490479 133.55990554 -119.88619128
v 222.40240479 130.32629364 -121.51119133
v 222.40240479 133.55990554 -119.88619128
v 222.40240479 130.32629359 -119.88619139
v 222.40240479 133.55990559 -121.51119122
v 222.40240479 130.32629364 -121.51119133
v 219.65240479 130.32629359 -119.88619139
v 219.65240479 130.32629364 -121.51119133
v 222.40240479 130.32629359 -119.88619139
v 219.36749268 133.62660176 -121.51119122
v 219.65240479 130.32629359 -119.88619139
v 219.36749268 133.6266017 -119.88619127
v 219.65240479 130.32629364 -121.51119133
v 219.36749268 133.62660176 -121.51119122
v 214.36749268 133.6266017 -119.88619127
v 214.36749268 133.62660176 -121.51119122
v 219.36749268 133.6266017 -119.88619127
v 214.36749268 130.32629364 -121.51119133
v 214.36749268 133.6266017 -119.88619127
v 214.36749268 130.32629359 -119.88619139
v 214.36749268 133.62660176 -121.51119122
v 214.36749268 130.32629364 -121.51119133
v 211.49249268 130.32629359 -119.88619139
v 211.49249268 130.32629364 -121.51119133
v 214.36749268 130.32629359 -119.88619139
v 210.93139648 133.71769673 -121.51119122
v 211.49249268 130.32629359 -119.88619139
v 210.93139648 133.71769667 -119.88619127
v 211.49249268 130.32629364 -121.51119133
v 210.93139648 133.71769673 -121.51119122
v 206.11889648 133.71769667 -119.88619127
v 206.11889648 133.71769673 -121.51119122
v 210.93139648 133.71769667 -119.88619127
v 206.11889648 130.32629364 -121.51119133
v 206.11889648 133.71769667 -119.88619127
v 206.11889648 130.32629359 -119.88619139
v 206.11889648 133.71769673 -121.51119122
v 206.11889648 130.32629364 -121.51119133
v 203.30639648 130.32629359 -119.88619139
v 203.30639648 130.32629364 -121.51119133
v 206.11889648 130.32629359 -119.88619139
v 202.71710205 133.83979755 -121.51119121
v 203.30639648 130.32629359 -119.88619139
v 202.71710205 133.8397975 -119.88619127
v 203.30639648 130.32629364 -121.51119133
v 319.67349243 129.50280731 -120.57369139
v 320.3671875 136.21710152 -120.57369116
v 320.3671875 136.21710146 -118.88619122
v 320.3671875 136.21710155 -121.51119113
v 319.67349243 129.50280734 -121.51119136
v 317.0546875 136.21710152 -120.57369116
v 317.73599243 129.50280731 -120.57369139
v 317.0546875 136.21710146 -118.88619122
v 317.0546875 136.21710155 -121.51119113
v 317.73599243 129.50280734 -121.51119136
v 310.93908691 75.94236148 -121.51119319
v 310.93908691 74.06736154 -121.19869327
v 310.93908691 75.94236147 -121.1986932
v 310.93908691 74.06736155 -121.51119326
v 326.81408691 74.06736155 -121.51119326
v 310.93908691 74.06736154 -121.19869327
v 310.93908691 74.06736155 -121.51119326
v 326.81408691 74.06736154 -121.19869327
v 326.81408691 75.94236147 -121.1986932
v 310.93908691 75.94236148 -121.51119319
v 310.93908691 75.94236147 -121.1986932
v 311.81408691 75.94236148 -121.51119319
v 325.79949951 75.94236148 -121.51119319
v 325.79949951 75.94236155 -123.51119312
v 326.81408691 75.94236148 -121.51119319
v 311.81408691 75.94236155 -123.51119312
v 326.81408691 74.06736155 -121.51119326
v 326.81408691 75.94236147 -121.1986932
v 326.81408691 74.06736154 -121.19869327
v 326.81408691 75.94236148 -121.51119319
v 279.27081299 75.5173509 -123.82369313
v 290.64581299 75.51735095 -125.38619307
v 279.27081299 75.51735095 -125.38619307
v 290.64581299 75.5173509 -123.82369313
v 260.44839478 75.41661237 -123.82369313
v 271.82339478 75.41661243 -125.38619308
v 260.44839478 75.41661243 -125.38619308
v 271.82339478 75.41661237 -123.82369313
v 240.16769409 75.36705946 -123.94869313
v 228.79269409 75.36705951 -125.19869309
v 228.79269409 75.36705946 -123.94869313
v 240.16769409 75.36705951 -125.19869309
v 221.32200623 75.20097518 -123.94869313
v 209.94700623 75.20097522 -125.19869309
v 209.94700623 75.20097518 -123.94869313
v 221.32200623 75.20097522 -125.19869309
v 197.53140259 42.74989207 -121.51119433
v 195.64030457 42.74989204 -120.51119436
v 195.64030457 42.74989207 -121.51119433
v 197.53140259 42.74989204 -120.51119436
v 197.53140259 42.74989207 -121.51119433
v 199.42170715 46.41627375 -120.51119424
v 197.53140259 42.74989204 -120.51119436
v 199.42170715 46.41627378 -121.5111942
v 199.42170715 46.41627378 -121.5111942
v 201.01980591 49.02873093 -120.51119415
v 199.42170715 46.41627375 -120.51119424
v 201.01980591 49.02873097 -121.51119411
v 201.01980591 49.02873097 -121.51119411
v 203.18479919 51.5358834 -120.51119406
v 201.01980591 49.02873093 -120.51119415
v 203.18479919 51.53588344 -121.51119403
v 205.20530701 53.40135045 -121.51119396
v 203.18479919 51.5358834 -120.51119406
v 203.18479919 51.53588344 -121.51119403
v 205.20530701 53.40135041 -120.511194
v 207.98109436 55.53321301 -121.51119389
v 205.20530701 53.40135041 -120.511194
v 205.20530701 53.40135045 -121.51119396
v 207.98109436 55.53321298 -120.51119393
v 210.92179871 57.3133338 -121.51119383
v 207.98109436 55.53321298 -120.51119393
v 207.98109436 55.53321301 -121.51119389
v 210.92179871 57.31333377 -120.51119386
v 214.46260071 59.1741011 -121.51119377
v 210.92179871 57.31333377 -120.51119386
v 210.92179871 57.3133338 -121.51119383
v 214.46260071 59.17410107 -120.5111938
v 217.35870361 60.16996212 -121.51119373
v 214.46260071 59.17410107 -120.5111938
v 214.46260071 59.1741011 -121.51119377
v 217.35870361 60.16996209 -120.51119377
v 220.35850525 60.78654306 -121.51119371
v 217.35870361 60.16996209 -120.51119377
v 217.35870361 60.16996212 -121.51119373
v 220.35850525 60.78654303 -120.51119375
v 222.02220154 61.50580039 -121.51119369
v 220.35850525 60.78654303 -120.51119375
v 220.35850525 60.78654306 -121.51119371
v 222.02220154 61.50580036 -120.51119372
v 223.10940552 62.34749043 -121.51119366
v 222.02220154 61.50580036 -120.51119372
v 222.02220154 61.50580039 -121.51119369
v 223.10940552 62.34749039 -120.51119369
v 223.10940552 62.34749043 -121.51119366
v 223.92199707 63.2973805 -120.51119366
v 223.10940552 62.34749039 -120.51119369
v 223.92199707 63.29738053 -121.51119363
v 223.92199707 63.29738053 -121.51119363
v 224.52839661 64.60070229 -120.51119362
v 223.92199707 63.2973805 -120.51119366
v 224.52839661 64.60070233 -121.51119358
v 224.52839661 64.60070233 -121.51119358
v 224.74530029 65.8317432 -120.51119357
v 224.52839661 64.60070229 -120.51119362
v 224.74530029 65.83174324 -121.51119354
v 224.74530029 65.83174324 -121.51119354
v 224.87530518 64.9032917 -120.5111936
v 224.74530029 65.8317432 -120.51119357
v 224.87530518 64.90329173 -121.51119357
v 224.87530518 64.90329173 -121.51119357
v 225.32339478 63.60337261 -120.51119365
v 224.87530518 64.9032917 -120.5111936
v 225.32339478 63.60337265 -121.51119361
v 225.32339478 63.60337265 -121.51119361
v 226.10949707 62.63142212 -120.51119368
v 225.32339478 63.60337261 -120.51119365
v 226.10949707 62.63142215 -121.51119365
v 227.19749451 61.6919805 -121.51119368
v 226.10949707 62.63142212 -120.51119368
v 226.10949707 62.63142215 -121.51119365
v 227.19749451 61.69198047 -120.51119371
v 228.09199524 61.24492089 -121.5111937
v 227.19749451 61.69198047 -120.51119371
v 227.19749451 61.6919805 -121.51119368
v 228.09199524 61.24492085 -120.51119373
v 230.87229919 60.5131132 -121.51119372
v 228.09199524 61.24492085 -120.51119373
v 228.09199524 61.24492089 -121.5111937
v 230.87229919 60.51311317 -120.51119375
v 235.64720154 59.25631164 -121.51119376
v 235.64720154 59.25631161 -120.5111938
v 241.75950623 56.10910258 -121.51119387
v 235.64720154 59.25631161 -120.5111938
v 235.64720154 59.25631164 -121.51119376
v 241.75950623 56.10910255 -120.51119391
v 245.79089355 52.55396125 -121.51119399
v 241.75950623 56.10910255 -120.51119391
v 241.75950623 56.10910258 -121.51119387
v 245.79089355 52.55396122 -120.51119403
v 245.79089355 52.55396125 -121.51119399
v 248.70150757 49.37182098 -120.51119414
v 245.79089355 52.55396122 -120.51119403
v 248.70150757 49.37182101 -121.5111941
v 248.70150757 49.37182101 -121.5111941
v 250.41400146 47.06253303 -120.51119422
v 248.70150757 49.37182098 -120.51119414
v 250.41400146 47.06253307 -121.51119418
v 250.41400146 47.06253307 -121.51119418
v 251.96310425 49.48450332 -120.51119413
v 250.41400146 47.06253303 -120.51119422
v 251.96310425 49.48450335 -121.5111941
v 251.96310425 49.48450335 -121.5111941
v 254.82910156 52.6227631 -120.51119403
v 251.96310425 49.48450332 -120.51119413
v 254.82910156 52.62276313 -121.51119399
v 257.40368652 54.9004425 -121.51119391
v 254.82910156 52.6227631 -120.51119403
v 254.82910156 52.62276313 -121.51119399
v 257.40368652 54.90044246 -120.51119395
v 260.76638794 57.17995292 -121.51119383
v 257.40368652 54.90044246 -120.51119395
v 257.40368652 54.9004425 -121.51119391
v 260.76638794 57.17995288 -120.51119387
v 265.34210205 59.19567321 -121.51119377
v 260.76638794 57.17995288 -120.51119387
v 260.76638794 57.17995292 -121.51119383
v 265.34210205 59.19567318 -120.5111938
v 269.99060059 60.44110316 -121.51119372
v 265.34210205 59.19567318 -120.5111938
v 265.34210205 59.19567321 -121.51119377
v 269.99060059 60.44110313 -120.51119376
v 272.10360718 61.0072004 -121.5111937
v 272.10360718 61.00720037 -120.51119374
v 274.27459717 62.36856282 -121.51119366
v 272.10360718 61.00720037 -120.51119374
v 272.10360718 61.0072004 -121.5111937
v 274.27459717 62.36856278 -120.51119369
v 274.27459717 62.36856282 -121.51119366
v 275.31838989 63.61400036 -120.51119365
v 274.27459717 62.36856278 -120.51119369
v 275.31838989 63.61400039 -121.51119361
v 275.31838989 63.61400039 -121.51119361
v 275.55459595 64.25964548 -120.51119363
v 275.31838989 63.61400036 -120.51119365
v 275.55459595 64.25964551 -121.51119359
v 275.85528564 65.08136176 -120.5111936
v 275.85528564 65.08136179 -121.51119356
v 275.85528564 65.08136179 -121.51119356
v 275.97570801 65.82163426 -120.51119357
v 275.85528564 65.08136176 -120.5111936
v 275.97570801 65.82163429 -121.51119354
v 275.97570801 65.82163429 -121.51119354
v 276.09899902 65.08183478 -120.5111936
v 275.97570801 65.82163426 -120.51119357
v 276.09899902 65.08183482 -121.51119356
v 276.09899902 65.08183482 -121.51119356
v 276.58898926 63.79710201 -120.51119364
v 276.09899902 65.08183478 -120.5111936
v 276.58898926 63.79710204 -121.51119361
v 276.58898926 63.79710204 -121.51119361
v 277.25738525 62.8156224 -120.51119368
v 276.58898926 63.79710201 -120.51119364
v 277.25738525 62.81562243 -121.51119364
v 278.16918945 61.9604627 -121.51119367
v 277.25738525 62.8156224 -120.51119368
v 277.25738525 62.81562243 -121.51119364
v 278.16918945 61.96046267 -120.51119371
v 279.68270874 61.08199136 -121.5111937
v 278.16918945 61.96046267 -120.51119371
v 278.16918945 61.9604627 -121.51119367
v 279.68270874 61.08199132 -120.51119374
v 281.15609741 60.56182307 -121.51119372
v 279.68270874 61.08199132 -120.51119374
v 279.68270874 61.08199136 -121.5111937
v 281.15609741 60.56182304 -120.51119375
v 286.56048584 59.24511169 -121.51119376
v 281.15609741 60.56182304 -120.51119375
v 281.15609741 60.56182307 -121.51119372
v 286.56048584 59.24511166 -120.5111938
v 292.03219604 56.49267038 -121.51119386
v 286.56048584 59.24511166 -120.5111938
v 286.56048584 59.24511169 -121.51119376
v 292.03219604 56.49267034 -120.51119389
v 296.35110474 52.60268256 -121.51119399
v 292.03219604 56.49267034 -120.51119389
v 292.03219604 56.49267038 -121.51119386
v 296.35110474 52.60268253 -120.51119403
v 296.35110474 52.60268256 -121.51119399
v 300.84140015 46.67364373 -120.51119423
v 296.35110474 52.60268253 -120.51119403
v 300.84140015 46.67364377 -121.51119419
v 300.84140015 46.67364377 -121.51119419
v 302.94198608 42.69398383 -120.51119436
v 300.84140015 46.67364373 -120.51119423
v 302.94198608 42.69398387 -121.51119433
v 304.19198608 42.69398387 -121.51119433
v 302.94198608 42.69398383 -120.51119436
v 302.94198608 42.69398387 -121.51119433
v 304.19198608 42.69398383 -120.51119436
v 305.10949707 42.73254283 -121.51119433
v 304.19198608 42.69398385 -120.88619435
v 304.19198608 42.69398387 -121.51119433
v 304.6506958 42.71326333 -120.88619435
v 305.10949707 42.73254281 -120.88619435
v 304.19198608 42.69398385 -120.88619435
v 304.19198608 49.38148361 -120.51119414
v 304.19198608 42.69398383 -120.51119436
v 304.19198608 49.38148362 -120.88619412
v 304.19198608 42.69398383 -120.51119436
v 305.10949707 42.73254283 -121.51119433
v 305.10949707 45.60515089 -120.88619425
v 305.10949707 42.73254281 -120.88619435
v 305.10949707 45.60515092 -121.82369422
v 305.10949707 42.73912319 -121.82369432
v 304.19198608 49.38148361 -120.51119414
v 304.19198608 49.38148364 -121.5111941
v 303.15359497 49.38148364 -121.5111941
v 304.60250854 49.39995057 -120.88619412
v 304.19198608 42.69398383 -120.51119436
v 304.6506958 42.71326333 -120.88619435
v 311.72061157 45.60515092 -121.82369422
v 305.10949707 45.60515089 -120.88619425
v 305.10949707 45.60515092 -121.82369422
v 332.69830322 45.60515089 -120.88619425
v 325.65429688 45.60515092 -121.82369422
v 332.69830322 45.60515092 -121.82369422
v 300.81698608 49.38148364 -121.5111941
v 300.81698608 49.38148361 -120.51119414
v 304.60250854 49.39995057 -120.88619412
v 304.19198608 49.38148361 -120.51119414
v 304.19198608 42.69398383 -120.51119436
v 332.85949707 45.60515092 -121.82369422
v 332.69830322 45.60515091 -121.51119423
v 332.85949707 45.60515091 -121.51119423
v 332.85949707 45.60515091 -121.51119423
v 332.69830322 45.60515089 -120.88619425
v 332.69830322 45.60515091 -121.51119423
v 332.85940552 45.60516234 -120.88619425
v 300.81698608 49.38148364 -121.5111941
v 299.06509399 51.89345404 -120.51119405
v 300.81698608 49.38148361 -120.51119414
v 299.06509399 51.89345407 -121.51119402
v 334.76611328 45.94965241 -121.82369421
v 332.85949707 45.60515091 -121.51119423
v 332.85949707 45.60515092 -121.82369422
v 334.76611328 45.9496524 -121.51119422
v 332.85949707 45.60515091 -121.51119423
v 334.76611328 45.94966382 -120.88619424
v 332.85940552 45.60516234 -120.88619425
v 334.76611328 45.9496524 -121.51119422
v 299.06509399 51.89345407 -121.51119402
v 295.85418701 55.39374384 -120.51119393
v 299.06509399 51.89345404 -120.51119405
v 295.85418701 55.39374387 -121.5111939
v 339.89028931 45.94965241 -121.82369421
v 334.76611328 45.9496524 -121.51119422
v 334.76611328 45.94965241 -121.82369421
v 335.19970703 45.9496524 -121.51119422
v 339.89028931 45.9496524 -121.51119422
v 334.76611328 45.9496524 -121.51119422
v 334.7130127 49.47691208 -120.88619412
v 334.76611328 45.94966382 -120.88619424
v 334.7130127 49.47690066 -121.5111941
v 335.19970703 45.9496524 -121.51119422
v 334.76611328 45.94966382 -120.88619424
v 334.76611328 45.9496524 -121.51119422
v 295.85418701 55.39374384 -120.51119393
v 292.73269653 57.79377202 -121.51119381
v 292.73269653 57.79377198 -120.51119385
v 295.85418701 55.39374387 -121.5111939
v 334.7130127 49.47691208 -120.88619412
v 332.71279907 49.43035372 -121.51139246
v 332.71279907 49.43036133 -120.88639249
v 334.7130127 49.47690066 -121.5111941
v 335.19970703 45.9496524 -121.51119422
v 334.7130127 49.47691208 -120.88619412
v 334.76611328 45.94966382 -120.88619424
v 335.14660645 49.47690066 -121.5111941
v 292.73269653 57.79377198 -120.51119385
v 289.8973999 59.3824713 -121.51119376
v 289.8973999 59.38247127 -120.51119379
v 292.73269653 57.79377202 -121.51119381
v 332.71279907 49.43036133 -120.88639249
v 332.71099854 49.43073138 -121.5111941
v 332.71099854 49.43073136 -120.88619412
v 332.71279907 49.43035372 -121.51139246
v 335.14660645 49.47690066 -121.5111941
v 334.7130127 49.47690066 -121.5111941
v 334.7130127 49.47691208 -120.88619412
v 289.8973999 59.38247127 -120.51119379
v 286.88549805 60.76117151 -121.51119371
v 286.88549805 60.76117148 -120.51119375
v 289.8973999 59.3824713 -121.51119376
v 333.33380127 49.13953264 -120.88619413
v 332.71279907 49.43035372 -121.51139246
v 332.71279907 49.43036133 -120.88639249
v 333.33380127 49.13953266 -121.51119411
v 332.71099854 49.43073136 -120.88619412
v 304.8895874 49.43073138 -121.5111941
v 304.8895874 49.43073136 -120.88619412
v 305.28659058 49.43073138 -121.5111941
v 332.71099854 49.43073138 -121.5111941
v 286.88549805 60.76117148 -120.51119375
v 284.0809021 61.63479056 -121.51119368
v 284.0809021 61.63479053 -120.51119372
v 286.88549805 60.76117151 -121.51119371
v 304.8895874 49.43073138 -121.5111941
v 304.87240601 49.41210419 -120.88619412
v 304.8895874 49.43073136 -120.88619412
v 304.87240601 49.4121042 -121.1327914
v 304.87240601 49.41210421 -121.5111941
v 284.0809021 61.63479053 -120.51119372
v 281.44171143 62.14225209 -121.51119366
v 281.44171143 62.14225206 -120.5111937
v 284.0809021 61.63479056 -121.51119368
v 304.87240601 49.4121042 -121.1327914
v 304.60250854 49.39995057 -120.88619412
v 304.87240601 49.41210419 -120.88619412
v 281.44171143 62.14225206 -120.5111937
v 279.74438477 62.56833087 -121.51119365
v 279.74438477 62.56833084 -120.51119368
v 281.44171143 62.14225209 -121.51119366
v 279.74438477 62.56833084 -120.51119368
v 278.15948486 63.57021149 -121.51119362
v 278.15948486 63.57021145 -120.51119365
v 279.74438477 62.56833087 -121.51119365
v 278.15948486 63.57021149 -121.51119362
v 277.34008789 64.90059852 -120.5111936
v 278.15948486 63.57021145 -120.51119365
v 277.34008789 64.90059856 -121.51119357
v 277.34008789 64.90059856 -121.51119357
v 277.01449585 66.62005037 -120.51119355
v 277.34008789 64.90059852 -120.5111936
v 277.01449585 66.6200504 -121.51119351
v 277.01449585 66.6200504 -121.51119351
v 277.01449585 71.6200502 -120.51119337
v 277.01449585 66.62005037 -120.51119355
v 277.01449585 71.62005023 -121.51119334
v 303.15359497 71.62005023 -121.51119334
v 277.01449585 71.6200502 -120.51119337
v 277.01449585 71.62005023 -121.51119334
v 304.19219971 71.6200502 -120.51119337
v 305.28659058 71.62005023 -121.51119334
v 306.51449585 71.6200502 -120.51119337
v 306.51449585 71.62005023 -121.51119334
v 325.72061157 33.14357298 -121.82369465
v 311.72061157 33.14357296 -121.32369466
v 311.72061157 33.14357298 -121.82369465
v 325.72061157 33.14357296 -121.32369466
v 310.47061157 33.14357296 -121.32369466
v 310.47061157 33.14357298 -121.82369465
v 326.97061157 33.14357298 -121.82369465
v 326.97061157 33.14357296 -121.32369466
v 310.47061157 33.14357298 -121.82369465
v 310.20471191 33.30778423 -121.32369466
v 310.20471191 33.30778425 -121.82369464
v 310.47061157 33.14357296 -121.32369466
v 326.97061157 33.14357298 -121.82369465
v 327.37939453 33.61257472 -121.32369465
v 326.97061157 33.14357296 -121.32369466
v 327.37939453 33.61257474 -121.82369463
v 310.20471191 35.40823279 -121.82369457
v 310.20471191 33.30778423 -121.32369466
v 310.20471191 35.40823277 -121.32369459
v 310.20471191 33.30778425 -121.82369464
v 327.37939453 33.61257474 -121.82369463
v 327.37939453 35.55007465 -121.32369458
v 327.37939453 33.61257472 -121.32369465
v 327.37939453 35.55007467 -121.82369456
v 311.51721191 35.40823277 -121.32369459
v 310.20471191 35.40823279 -121.82369457
v 310.20471191 35.40823277 -121.32369459
v 311.51721191 35.40823279 -121.82369457
v 327.37939453 35.55007465 -121.32369458
v 325.94189453 35.55007467 -121.82369456
v 325.94189453 35.55007465 -121.32369458
v 327.37939453 35.55007467 -121.82369456
v 311.84179688 35.22040471 -121.32369459
v 311.51721191 35.40823279 -121.82369457
v 311.51721191 35.40823277 -121.32369459
v 311.72061157 35.29054175 -121.82369457
v 311.84179688 35.22040473 -121.82369458
v 325.94189453 35.55007467 -121.82369456
v 325.65429688 35.22040471 -121.32369459
v 325.94189453 35.55007465 -121.32369458
v 325.65429688 35.22040473 -121.82369458
v 325.65429688 35.22040471 -121.32369459
v 311.84179688 35.22040473 -121.82369458
v 311.84179688 35.22040471 -121.32369459
v 311.84179688 35.22040478 -123.26119453
v 325.65429688 35.22040478 -123.26119453
v 304.36480713 23.50000337 -121.82369498
v 304.36480713 26.62500325 -121.51119488
v 304.36480713 23.50000335 -121.51119499
v 304.36480713 26.62500326 -121.82369487
v 305.92730713 23.50000335 -121.51119499
v 304.36480713 23.50000337 -121.82369498
v 304.36480713 23.50000335 -121.51119499
v 305.92730713 23.50000337 -121.82369498
v 305.92730713 20.56250347 -121.82369508
v 305.92730713 23.50000335 -121.51119499
v 305.92730713 20.56250346 -121.51119509
v 305.92730713 23.50000337 -121.82369498
v 305.92730713 20.56250347 -121.82369508
v 304.48980713 20.56250346 -121.51119509
v 304.48980713 20.56250347 -121.82369508
v 305.92730713 20.56250346 -121.51119509
v 304.48980713 17.75000356 -121.82369517
v 304.48980713 20.56250346 -121.51119509
v 304.48980713 17.75000355 -121.51119518
v 304.48980713 20.56250347 -121.82369508
v 305.92730713 17.75000355 -121.51119518
v 304.48980713 17.75000356 -121.82369517
v 304.48980713 17.75000355 -121.51119518
v 305.92730713 17.75000356 -121.82369517
v 305.92730713 14.93750366 -121.82369527
v 305.92730713 17.75000355 -121.51119518
v 305.92730713 14.93750365 -121.51119528
v 305.92730713 17.75000356 -121.82369517
v 305.92730713 14.93750366 -121.82369527
v 304.55230713 14.93750365 -121.51119528
v 304.55230713 14.93750366 -121.82369527
v 305.92730713 14.93750365 -121.51119528
v 304.55230713 11.93750376 -121.82369537
v 304.55230713 14.93750365 -121.51119528
v 304.55230713 11.93750375 -121.51119538
v 304.55230713 14.93750366 -121.82369527
v 305.92730713 11.93750375 -121.51119538
v 304.55230713 11.93750376 -121.82369537
v 304.55230713 11.93750375 -121.51119538
v 305.92730713 11.93750376 -121.82369537
v 305.92730713 9.12500386 -121.82369547
v 305.92730713 11.93750375 -121.51119538
v 305.92730713 9.12500385 -121.51119548
v 305.92730713 11.93750376 -121.82369537
v 305.92730713 9.12500386 -121.82369547
v 304.55230713 9.12500385 -121.51119548
v 304.55230713 9.12500386 -121.82369547
v 305.92730713 9.12500385 -121.51119548
v 304.55230713 6.06250396 -121.82369557
v 304.55230713 9.12500385 -121.51119548
v 304.55230713 6.06250395 -121.51119558
v 304.55230713 9.12500386 -121.82369547
v 305.92730713 6.06250395 -121.51119558
v 304.55230713 6.06250396 -121.82369557
v 304.55230713 6.06250395 -121.51119558
v 305.92730713 6.06250396 -121.82369557
v 305.92730713 3.18750406 -121.82369567
v 305.92730713 6.06250395 -121.51119558
v 305.92730713 3.18750405 -121.51119568
v 305.92730713 6.06250396 -121.82369557
v 305.92730713 3.18750406 -121.82369567
v 304.67730713 3.18750405 -121.51119568
v 304.67730713 3.18750406 -121.82369567
v 305.92730713 3.18750405 -121.51119568
v 304.67730713 1.43750412 -121.82369573
v 304.67730713 3.18750405 -121.51119568
v 304.67730713 1.43750411 -121.51119574
v 304.67730713 3.18750406 -121.82369567
v 305.92730713 1.43750411 -121.51119574
v 304.67730713 1.43750412 -121.82369573
v 304.67730713 1.43750411 -121.51119574
v 305.92730713 1.43750412 -121.82369573
v 305.92730713 4.17E-06 -121.82369578
v 305.92730713 1.43750411 -121.51119574
v 305.92730713 4.16E-06 -121.51119579
v 305.92730713 1.43750412 -121.82369573
v 306.78659058 28.15906273 -121.82369482
v 306.78659058 30.22156265 -121.51119476
v 306.78659058 28.15906272 -121.51119483
v 306.78659058 30.22156266 -121.82369475
v 306.48980713 26.62500326 -121.82369487
v 306.78659058 28.15906272 -121.51119483
v 306.48980713 26.62500325 -121.51119488
v 306.78659058 28.15906273 -121.82369482
v 274.91949463 71.61149005 -121.51119334
v 225.80209351 71.61351943 -120.51119338
v 225.80209351 71.61351947 -121.51119334
v 274.91949463 71.61149002 -120.51119338
v 274.91949463 71.61149005 -121.51119334
v 274.91949463 66.73649018 -120.51119354
v 274.91949463 71.61149002 -120.51119338
v 274.91949463 66.73649022 -121.51119351
v 225.80209351 66.11351966 -121.51119353
v 225.80209351 71.61351943 -120.51119338
v 225.80209351 66.11351962 -120.51119356
v 225.80209351 71.61351947 -121.51119334
v 274.91949463 66.73649022 -121.51119351
v 274.70309448 65.18905066 -120.51119359
v 274.91949463 66.73649018 -120.51119354
v 274.70309448 65.18905069 -121.51119356
v 226.20610046 64.60415081 -121.51119358
v 225.80209351 66.11351962 -120.51119356
v 226.20610046 64.60415078 -120.51119361
v 225.80209351 66.11351966 -121.51119353
v 274.70309448 65.18905069 -121.51119356
v 274.08169556 64.03299906 -120.51119363
v 274.70309448 65.18905066 -120.51119359
v 274.08169556 64.0329991 -121.5111936
v 226.72590637 63.74986083 -121.51119361
v 226.20610046 64.60415078 -120.51119361
v 226.72590637 63.7498608 -120.51119364
v 226.20610046 64.60415081 -121.51119358
v 274.08169556 64.03299906 -120.51119363
v 273.06680298 63.10532198 -121.51119363
v 273.06680298 63.10532194 -120.51119367
v 274.08169556 64.0329991 -121.5111936
v 227.83790588 62.94120223 -120.51119367
v 226.72590637 63.74986083 -121.51119361
v 226.72590637 63.7498608 -120.51119364
v 227.83790588 62.94120226 -121.51119364
v 273.06680298 63.10532194 -120.51119367
v 271.6321106 62.48648273 -121.51119365
v 271.6321106 62.4864827 -120.51119369
v 273.06680298 63.10532198 -121.51119363
v 229.93339539 62.3133603 -120.51119369
v 227.83790588 62.94120226 -121.51119364
v 227.83790588 62.94120223 -120.51119367
v 229.93339539 62.31336033 -121.51119366
v 271.6321106 62.4864827 -120.51119369
v 265.85571289 61.11267297 -121.5111937
v 265.85571289 61.11267293 -120.51119373
v 271.6321106 62.48648273 -121.51119365
v 233.71749878 61.4790517 -120.51119372
v 229.93339539 62.31336033 -121.51119366
v 229.93339539 62.3133603 -120.51119369
v 233.71749878 61.47905174 -121.51119369
v 265.85571289 61.11267293 -120.51119373
v 262.41629028 59.78278181 -121.51119375
v 262.41629028 59.78278177 -120.51119378
v 265.85571289 61.11267297 -121.5111937
v 236.70039368 60.54744163 -120.51119375
v 233.71749878 61.47905174 -121.51119369
v 233.71749878 61.4790517 -120.51119372
v 236.70039368 60.54744166 -121.51119372
v 262.41629028 59.78278177 -120.51119378
v 258.88180542 57.78012303 -121.51119381
v 258.88180542 57.780123 -120.51119385
v 262.41629028 59.78278181 -121.51119375
v 240.29060364 58.93041059 -120.51119381
v 236.70039368 60.54744166 -121.51119372
v 236.70039368 60.54744163 -120.51119375
v 240.29060364 58.93041062 -121.51119377
v 258.88180542 57.780123 -120.51119385
v 255.36079407 55.28998411 -121.5111939
v 255.36079407 55.28998407 -120.51119393
v 258.88180542 57.78012303 -121.51119381
v 243.07679749 57.138922 -120.51119387
v 240.29060364 58.93041062 -121.51119377
v 240.29060364 58.93041059 -120.51119381
v 243.07679749 57.13892203 -121.51119384
v 255.36079407 55.28998407 -120.51119393
v 252.39089966 52.51814125 -121.51119399
v 252.39089966 52.51814121 -120.51119403
v 255.36079407 55.28998411 -121.5111939
v 247.15519714 53.83291091 -120.51119398
v 243.07679749 57.13892203 -121.51119384
v 243.07679749 57.138922 -120.51119387
v 247.15519714 53.83291095 -121.51119395
v 252.39089966 52.51814125 -121.51119399
v 250.91400146 50.6582017 -120.51119409
v 252.39089966 52.51814121 -120.51119403
v 250.91400146 50.65820174 -121.51119406
v 249.78900146 50.65820174 -121.51119406
v 247.15519714 53.83291091 -120.51119398
v 249.78900146 50.6582017 -120.51119409
v 247.15519714 53.83291095 -121.51119395
v 250.91400146 50.6582017 -120.51119409
v 249.78900146 50.65820174 -121.51119406
v 249.78900146 50.6582017 -120.51119409
v 250.91400146 50.65820174 -121.51119406
v 223.73550415 71.56093005 -121.51119334
v 195.64030457 71.56093002 -120.51119338
v 195.64030457 71.56093005 -121.51119334
v 223.73550415 71.56093002 -120.51119338
v 223.73550415 71.56093005 -121.51119334
v 223.73550415 66.56093019 -120.51119355
v 223.73550415 71.56093002 -120.51119338
v 223.73550415 66.56093023 -121.51119351
v 223.73550415 66.56093023 -121.51119351
v 223.38789368 64.78206825 -120.51119361
v 223.73550415 66.56093019 -120.51119355
v 223.38789368 64.78206829 -121.51119357
v 223.38789368 64.78206829 -121.51119357
v 222.20050049 63.25110059 -120.51119366
v 223.38789368 64.78206825 -120.51119361
v 222.20050049 63.25110063 -121.51119363
v 222.20050049 63.25110059 -120.51119366
v 219.88490295 62.15370381 -121.51119366
v 219.88490295 62.15370378 -120.5111937
v 222.20050049 63.25110063 -121.51119363
v 219.88490295 62.15370378 -120.5111937
v 216.271698 61.41710106 -121.51119369
v 216.271698 61.41710102 -120.51119372
v 219.88490295 62.15370381 -121.51119366
v 216.271698 61.41710102 -120.51119372
v 212.75630188 60.11139126 -121.51119373
v 212.75630188 60.11139123 -120.51119377
v 216.271698 61.41710106 -121.51119369
v 212.75630188 60.11139123 -120.51119377
v 208.20829773 57.74909047 -121.51119382
v 208.20829773 57.74909044 -120.51119385
v 212.75630188 60.11139126 -121.51119373
v 208.20829773 57.74909044 -120.51119385
v 204.39630127 55.02117385 -121.51119391
v 204.39630127 55.02117381 -120.51119394
v 208.20829773 57.74909047 -121.51119382
v 204.39630127 55.02117385 -121.51119391
v 201.22540283 51.82815405 -120.51119405
v 204.39630127 55.02117381 -120.51119394
v 201.22540283 51.82815409 -121.51119402
v 201.22540283 51.82815409 -121.51119402
v 199.45280457 49.40782409 -120.51119414
v 201.22540283 51.82815405 -120.51119405
v 199.45280457 49.40782412 -121.5111941
v 199.45280457 49.40782409 -120.51119414
v 195.64030457 49.40782412 -121.5111941
v 195.64030457 49.40782409 -120.51119414
v 199.45280457 49.40782412 -121.5111941
v 303.20199585 78.99504998 -121.51119309
v 303.20199585 73.99505012 -120.51119329
v 303.20199585 78.99504994 -120.51119312
v 303.20199585 73.99505015 -121.51119326
v 303.20199585 73.99505012 -120.51119329
v 302.95199585 73.99505015 -121.51119326
v 302.95199585 73.99505012 -120.51119329
v 303.20199585 73.99505015 -121.51119326
v 302.95199585 73.99505012 -120.51119329
v 197.45280457 73.58674023 -121.51119327
v 197.45280457 73.58674019 -120.51119331
v 203.97000122 73.611963 -121.51119327
v 245.88290405 73.77417919 -121.51119327
v 203.97000122 73.61196309 -123.94869319
v 254.85850525 73.80892345 -121.51119327
v 296.57818604 73.97038432 -121.51119326
v 296.57818604 73.9703844 -123.82369318
v 302.95199585 73.99505015 -121.51119326
v 254.85850525 73.80892353 -123.82369319
v 245.88290405 73.77417927 -123.94869318
v 197.45280457 73.58674023 -121.51119327
v 197.45280457 78.39924003 -120.51119314
v 197.45280457 73.58674019 -120.51119331
v 197.45280457 78.39924006 -121.51119311
v 306.51449585 73.99505012 -120.51119329
v 305.45199585 73.99505015 -121.51119326
v 305.45199585 73.99505012 -120.51119329
v 306.51449585 73.99505015 -121.51119326
v 305.45199585 73.99505015 -121.51119326
v 305.45199585 78.99504994 -120.51119312
v 305.45199585 73.99505012 -120.51119329
v 305.45199585 78.99504998 -121.51119309
vn 0.99961 0 -0.02777
vn 0 0 1
vn 1 0 -0
vn -1 -0 -0
vn -0.94189 -0 -0.33593
vn -0.8138 -0 -0.58115
vn 0 -0 -1
vn 0.88954 -0 -0.45685
vn 0 -0 -1
vn 1 0 -0
vn -1 -0 -0
vn -0.9963 -0 -0.08599
vn -0.98659 -0 -0.16325
vn -0.98623 -0 -0.1654
vn 0.99471 0 -0.10277
vn -0.99489 0 -0.10095
vn 0 0 -1
vn -0 -0 1
vn 0 -0 1
vn 0 -0 1
vn 0.88882 0 -0.45826
vn 0.85305 0 -0.52183
vn 0.75687 0 -0.65356
vn 0.67835 0 -0.73474
vn 0.6091 0 -0.79309
vn 0.51786 0 -0.85547
vn 0.46519 0 -0.88521
vn 0.32518 0 -0.94565
vn 0.20133 0 -0.97952
vn 0.39683 0 -0.91789
vn 0.61214 0 -0.79075
vn 0.75991 0 -0.65003
vn 0.90666 0 -0.42186
vn 0.98483 0 -0.17353
vn -0.99034 -0 -0.13868
vn -0.9454 -0 -0.32591
vn -0.77756 -0 -0.62881
vn -0.65352 -0 -0.75691
vn -0.44707 -0 -0.8945
vn -0.25454 -0 -0.96706
vn -0.45778 -0 -0.88907
vn -0.66142 -0 -0.75001
vn -0.73789 -0 -0.67492
vn -0.80323 -0 -0.59566
vn 0.84243 0 -0.53881
vn 0.73841 0 -0.67435
vn 0.6626 0 -0.74897
vn 0.56111 0 -0.82774
vn 0.40314 0 -0.91514
vn 0.25879 0 -0.96593
vn 0.53127 0 -0.84721
vn 0.76642 0 -0.64233
vn 0.93911 0 -0.34362
vn 0.98702 0 -0.1606
vn -0.9864 -0 -0.16439
vn -0.93435 -0 -0.35636
vn -0.82651 -0 -0.56292
vn -0.68413 -0 -0.72936
vn -0.50198 -0 -0.86488
vn -0.33291 -0 -0.94296
vn -0.23671 -0 -0.97158
vn -0.44938 -0 -0.89334
vn -0.66925 -0 -0.74304
vn -0.79718 -0 -0.60374
vn -0.88437 -0 -0.46679
vn 0.04198 0 -0.99912
vn 0.63278 -0.77432 0.00457
vn 0.67449 -0.73829 0
vn -0 0 -1
vn 4E-05 -1E-05 -1
vn 0.82023 0 0.57203
vn 0.17781 0 -0.98407
vn 0.17781 -2E-05 -0.98407
vn 0.7369 0 0.676
vn 0.99989 -2E-05 0.01504
vn -0 -2E-05 -1
vn 0.60953 0 0.79276
vn -0.02327 2E-05 0.99973
vn 0.82155 -0.57001 0.01236
vn 0.48883 0 0.87238
vn 0.20413 1E-05 0.97894
vn 0 2E-05 1
vn 0.41621 0 0.90927
vn 0.42412 0 0.9056
vn 0.2974 0 0.95475
vn -0.73549 -0 0.67754
vn 0.18882 0 0.98201
vn -0.04495 -0 0.99899
vn 0.24347 0 0.96991
vn 0.53433 0 0.84527
vn 0.85145 0 0.52444
vn 0.98254 0 0.18603
vn -0.52549 -0 -0.8508
vn 0.75382 0 -0.65708
vn 0.50087 -0 0.86552
vn -0.75352 0 0.65742
vn 1 0 0
vn -0 -0 1
vn 0.9818 0 -0.18994
vn -4E-05 -0 -1
vn -0.99036 0 0.13849
vn 0.966 0 0.25855
vn -0.8808 0 0.47348
vn 0.85429 0 0.51979
vn -0.67467 0 0.73812
vn 0.58811 0 0.80878
vn -0.39606 0 0.91823
vn 0.28701 0 0.95793
vn -0.23138 0 0.97286
vn 0.21531 0 0.97655
vn -0.36065 0 0.9327
vn 0.29812 0 0.95453
vn -0.49296 0 0.87005
vn 0.41067 0 0.91178
vn -0.57742 0 0.81644
vn 0.54083 0 0.84113
vn -0.6823 0 0.73107
vn 0.62972 0 0.77683
vn -0.78313 0 0.62185
vn 0.76963 0 0.63849
vn -0.98144 0 0.19177
vn -0.79018 0 0.61288
vn -0.42825 0 0.90366
vn -0.19976 0 0.97985
vn -0.34819 0 0.93742
vn -0.46094 0 0.88743
vn -0.58196 0 0.81322
vn -0.70956 0 0.70465
vn -0.80677 0 0.59086
vn -0.00387 0 0.99999
vt 13.50125 -80.26891
vt 13.41791 -82.51978
vt 13.41791 -80.26891
vt 13.50125 -82.51978
vt 37.33318 -119.7612
vt 37.20123 -120.5112
vt 37.20123 -119.7612
vt 37.33318 -120.5112
vt 13.50125 -73.2187
vt 13.41791 -78.0312
vt 13.41791 -73.2187
vt 13.50125 -78.0312
vt 36.96512 -120.5112
vt 36.96512 -119.7612
vt -13.50125 -78.0312
vt -13.41791 -73.2187
vt -13.41791 -78.0312
vt -13.50125 -73.2187
vt 36.83318 -120.5112
vt 36.83318 -119.7612
vt -13.41791 -70.9687
vt -13.50125 -70.9687
vt -13.2443 -65.56064
vt -13.32068 -63.00432
vt -13.24429 -63.00433
vt -13.50124 -65.56064
vt -13.50124 -62.0009
vt -13.32068 -62.0009
vt -13.50124 4.53687
vt -13.32068 9.59937
vt -13.32068 4.53687
vt -13.50124 9.59937
vt -33.26127 -118.8856
vt -22.10422 -118.1981
vt -22.10422 -118.8856
vt -33.26127 -118.1981
vt 13.32069 -259.32111
vt 13.2443 -260.77429
vt 13.2443 -259.32111
vt 13.38319 -260.77429
vt 13.32069 -253.39931
vt 13.50125 -253.39931
vt 13.50125 -260.77429
vt -32.96067 -120.5112
vt -32.87734 -118.8862
vt -32.87734 -120.5112
vt -32.96067 -118.8862
vt 13.50124 -129.44949
vt 13.32069 -132.63699
vt 13.32069 -129.44949
vt 13.50124 -132.63699
vt -32.56484 -118.8862
vt -32.56484 -120.5112
vt -13.50124 -132.55991
vt -13.32069 -129.44949
vt -13.32069 -132.55991
vt -13.50124 -129.44949
vt -31.97456 -118.8862
vt -31.97456 -120.5112
vt 13.32069 -132.55991
vt 13.50124 -132.55991
vt -31.66206 -118.8862
vt -31.66206 -120.5112
vt -31.044 -118.8862
vt -31.044 -120.5112
vt -30.75928 -118.8862
vt -30.75928 -120.5112
vt -30.15511 -118.8862
vt -30.15511 -120.5112
vt -29.83567 -118.8862
vt -29.83567 -120.5112
vt -29.25928 -118.8862
vt -29.25928 -120.5112
vt 13.50124 -129.32629
vt 13.32069 -129.32629
vt -28.91206 -118.8862
vt -28.91206 -120.5112
vt -13.32069 -129.32629
vt -13.50124 -129.32629
vt -28.34261 -118.8862
vt -28.34261 -120.5112
vt -28.02317 -118.8862
vt -28.02317 -120.5112
vt -27.419 -118.8862
vt -27.419 -120.5112
vt -27.09261 -118.8862
vt -27.09261 -120.5112
vt -26.50999 -118.8862
vt -26.50999 -120.5112
vt -26.19749 -118.8862
vt -26.19749 -120.5112
vt -25.60027 -118.8862
vt -25.60027 -120.5112
vt -25.27388 -118.8862
vt -25.27388 -120.5112
vt -24.71138 -118.8862
vt -24.71138 -120.5112
vt -24.40582 -118.8862
vt -24.40582 -120.5112
vt -13.50124 -113.2671
vt -13.32069 -109.9546
vt -13.32068 -113.2671
vt -13.50124 -109.9546
vt -24.37417 -120.5111
vt -23.81862 -118.8861
vt -23.81862 -120.5111
vt -24.37417 -118.8861
vt 13.32069 -132.6266
vt 13.50124 -132.6266
vt -23.49917 -118.8861
vt -23.49917 -120.5111
vt -13.50124 -96.48981
vt -13.32068 -93.05231
vt -13.32068 -96.48981
vt -13.50124 -93.05231
vt -23.43682 -120.5111
vt -22.9021 -118.8861
vt -22.9021 -120.5111
vt -23.43682 -118.8861
vt 13.32069 -132.7177
vt 13.50124 -132.7177
vt -22.5896 -118.8861
vt -22.5896 -120.5111
vt -13.50124 -97.46744
vt -13.32068 -93.90494
vt -13.32068 -97.46744
vt -13.50124 -93.90494
vt 13.39708 -160.67
vt 13.39708 -167.42
vt 13.20958 -167.42
vt 13.50124 -167.42
vt 13.50124 -160.67
vt -13.39708 -102.5137
vt -13.39708 -95.765
vt -13.20958 -102.5137
vt -13.50124 -102.5137
vt -13.50124 -95.765
vt -13.50125 -74.94236
vt -13.46652 -73.06736
vt -13.46652 -74.94236
vt -13.50125 -73.06736
vt -36.31268 -120.5112
vt -34.54879 -120.1987
vt -34.54879 -120.5112
vt -36.31268 -120.1987
vt 36.31268 -120.1987
vt 34.54879 -120.5112
vt 34.54879 -120.1987
vt 34.64601 -120.5112
vt 36.19994 -120.5112
vt 36.19994 -122.5112
vt 36.31268 -120.5112
vt 34.64601 -122.5112
vt 13.50125 -73.06736
vt 13.46652 -74.94236
vt 13.46652 -73.06736
vt 13.50125 -74.94236
vt 31.03009 -122.8237
vt 32.29398 -124.3862
vt 31.03009 -124.3862
vt 32.29398 -122.8237
vt 28.93871 -122.8237
vt 30.2026 -124.3862
vt 28.93871 -124.3862
vt 30.2026 -122.8237
vt 26.6853 -122.9487
vt 25.42141 -124.1987
vt 25.42141 -122.9487
vt 26.6853 -124.1987
vt 24.59133 -122.9487
vt 23.32744 -124.1987
vt 23.32744 -122.9487
vt 24.59133 -124.1987
vt -21.94794 -120.5112
vt -21.73781 -119.5112
vt -21.73781 -120.5112
vt -21.94794 -119.5112
vt 13.50124 -127.5168
vt 13.39013 -131.6418
vt 13.39013 -127.5168
vt 13.50124 -131.6418
vt 13.50124 -142.66
vt 13.39013 -145.7225
vt 13.39013 -142.66
vt 13.50124 -145.7225
vt 13.50124 -167.4874
vt 13.39013 -170.7999
vt 13.39013 -167.4874
vt 13.50124 -170.7999
vt 13.50124 -185.9968
vt 13.39013 -183.2468
vt 13.50124 -183.2468
vt 13.39013 -185.9968
vt 13.50124 -197.77341
vt 13.39013 -194.27341
vt 13.50124 -194.27341
vt 13.39013 -197.77341
vt 13.50124 -209.1169
vt 13.39013 -205.6794
vt 13.50124 -205.6794
vt 13.39013 -209.1169
vt 13.50124 -216.3718
vt 13.39013 -212.3718
vt 13.50124 -212.3718
vt 13.39013 -216.3718
vt 13.50124 -224.1118
vt 13.39013 -221.0493
vt 13.50124 -221.0493
vt 13.39013 -224.1118
vt 13.50124 -227.0845
vt 13.39013 -224.022
vt 13.50124 -224.022
vt 13.39013 -227.0845
vt 13.50124 -227.19971
vt 13.39013 -225.38721
vt 13.50124 -225.38721
vt 13.39013 -227.19971
vt 13.50124 -213.58881
vt 13.39013 -212.21381
vt 13.50124 -212.21381
vt 13.39013 -213.58881
vt 13.50124 -191.4066
vt 13.39013 -192.6566
vt 13.39013 -191.4066
vt 13.50124 -192.6566
vt 13.50124 -150.8535
vt 13.39013 -152.291
vt 13.39013 -150.8535
vt 13.50124 -152.291
vt 13.50124 -101.5825
vt 13.39013 -102.8325
vt 13.39013 -101.5825
vt 13.50124 -102.8325
vt -13.50124 -33.02891
vt -13.39013 -32.09141
vt -13.39013 -33.02891
vt -13.50124 -32.09141
vt -13.50124 12.92956
vt -13.39013 14.30456
vt -13.39013 12.92956
vt -13.50124 14.30456
vt -13.50124 93.23114
vt -13.39013 94.48114
vt -13.39013 93.23114
vt -13.50124 94.48114
vt -13.50124 132.65021
vt -13.39013 131.21271
vt -13.50124 131.21271
vt -13.39013 132.65021
vt -13.50124 177.64799
vt -13.39013 176.64799
vt -13.50124 176.64799
vt -13.39013 177.64799
vt -13.50124 208.8647
vt -13.39013 205.9897
vt -13.50124 205.9897
vt -13.39013 208.8647
vt -13.50124 213.8022
vt -13.39013 213.8022
vt -13.50124 190.2551
vt -13.39013 183.3801
vt -13.50124 183.3801
vt -13.39013 190.2551
vt -13.50124 150.5863
vt -13.39013 145.2113
vt -13.50124 145.2113
vt -13.39013 150.5863
vt -13.50124 128.11151
vt -13.39013 132.424
vt -13.39013 128.11151
vt -13.50124 132.424
vt -13.50124 109.4856
vt -13.39013 112.3606
vt -13.39013 109.4856
vt -13.50124 112.3606
vt 13.50124 -173.573
vt 13.39013 -176.448
vt 13.39013 -173.573
vt 13.50124 -176.448
vt 13.50124 -205.4509
vt 13.39013 -209.7009
vt 13.39013 -205.4509
vt 13.50124 -209.7009
vt 13.50124 -228.1657
vt 13.39013 -224.7282
vt 13.50124 -224.7282
vt 13.39013 -228.1657
vt 13.50124 -246.9315
vt 13.39013 -242.869
vt 13.50124 -242.869
vt 13.39013 -246.9315
vt 13.50124 -265.68851
vt 13.39013 -260.68851
vt 13.50124 -260.68851
vt 13.39013 -265.68851
vt 13.50124 -275.4346
vt 13.39013 -270.6221
vt 13.50124 -270.6221
vt 13.39013 -275.4346
vt 13.50124 -277.6221
vt 13.39013 -277.6221
vt 13.50124 -264.50119
vt 13.39013 -261.93869
vt 13.50124 -261.93869
vt 13.39013 -264.50119
vt 13.50124 -222.97681
vt 13.39013 -224.60181
vt 13.39013 -222.97681
vt 13.50124 -224.60181
vt 13.50124 -153.3446
vt 13.39013 -154.0321
vt 13.39013 -153.3446
vt 13.50124 -154.0321
vt 13.39013 -154.9071
vt 13.50124 -154.9071
vt 13.50124 -107.5389
vt 13.39013 -108.2889
vt 13.39013 -107.5389
vt 13.50124 -108.2889
vt -13.50124 -18.55945
vt -13.39013 -17.80945
vt -13.39013 -18.55945
vt -13.50124 -17.80945
vt -13.50124 38.58024
vt -13.39013 39.95524
vt -13.39013 38.58024
vt -13.50124 39.95524
vt -13.50124 103.9687
vt -13.39013 105.1562
vt -13.39013 103.9687
vt -13.50124 105.1562
vt -13.50124 161.4971
vt -13.39013 160.2471
vt -13.50124 160.2471
vt -13.39013 161.4971
vt -13.50124 212.2294
vt -13.39013 210.4794
vt -13.50124 210.4794
vt -13.39013 212.2294
vt -13.50124 245.95731
vt -13.39013 244.39481
vt -13.50124 244.39481
vt -13.39013 245.95731
vt -13.50124 265.39221
vt -13.39013 259.82971
vt -13.50124 259.82971
vt -13.39013 265.39221
vt -13.50124 236.49831
vt -13.39013 230.37331
vt -13.50124 230.37331
vt -13.39013 236.49831
vt -13.50124 185.9969
vt -13.39013 180.1844
vt -13.50124 180.1844
vt -13.39013 185.9969
vt -13.50124 137.9847
vt -13.39013 145.4222
vt -13.39013 137.9847
vt -13.50124 145.4222
vt -13.50124 100.15316
vt -13.39013 104.6532
vt -13.39013 100.15316
vt -13.50124 104.6532
vt -33.79911 -120.5112
vt -33.66022 -119.5112
vt -33.66022 -120.5112
vt -33.79911 -119.5112
vt 13.50124 -305.63449
vt 13.4318 -304.71619
vt 13.50124 -304.71619
vt 13.4318 -305.17542
vt 13.4318 -305.63449
vt 13.4318 -41.69398
vt 13.39013 -48.38148
vt 13.39013 -41.69398
vt 13.4318 -48.38148
vt 13.39013 -304.71619
vt 13.50124 -41.73254
vt 13.4318 -44.60515
vt 13.4318 -41.73254
vt 13.53597 -44.60515
vt 13.53597 -41.73912
vt 33.79911 -119.5112
vt 33.79911 -120.5112
vt 33.68374 -120.5112
vt 34.70629 -47.9466
vt 34.64461 -41.24056
vt 34.71044 -41.25984
vt -34.63562 -120.8237
vt -33.90105 -119.8862
vt -33.90105 -120.8237
vt -36.96648 -119.8862
vt -36.18381 -120.8237
vt -36.96648 -120.8237
vt 33.42411 -120.5112
vt 33.42411 -119.5112
vt 34.04669 -48.39995
vt 33.98492 -48.38148
vt 33.98492 -41.69398
vt -36.98438 -120.8237
vt -36.96648 -120.5112
vt -36.98438 -120.5112
vt -36.98456 -120.5108
vt -36.96666 -119.8858
vt -36.96666 -120.5108
vt -36.98456 -119.8858
vt 13.50124 132.57179
vt 13.39013 129.50929
vt 13.39013 132.57179
vt 13.50124 129.50929
vt 13.53597 -336.6019
vt 13.50124 -334.6644
vt 13.53597 -334.6644
vt 13.50124 -336.6019
vt 13.50591 -334.64929
vt 13.43649 -336.58691
vt 13.43647 -334.64941
vt 13.50594 -336.58679
vt 13.50124 164.9272
vt 13.39013 160.1772
vt 13.39013 164.9272
vt 13.50124 160.1772
vt -37.76559 -120.8237
vt -37.19623 -120.5112
vt -37.19623 -120.8237
vt -37.24441 -120.5112
vt -37.76559 -120.5112
vt 13.50216 -39.90911
vt 13.43272 -43.43677
vt 13.43272 -39.90912
vt 13.50216 -43.43676
vt -37.24441 -120.5104
vt -37.19623 -119.8854
vt -37.19623 -120.5104
vt 13.39013 201.77769
vt 13.50124 197.84019
vt 13.39013 197.84019
vt 13.50124 201.77769
vt -13.46197 -334.67551
vt -13.53125 -332.67429
vt -13.46181 -332.67471
vt -13.53142 -334.67499
vt 32.32395 -42.39811
vt 32.23607 -45.92565
vt 32.23943 -42.39813
vt 32.32059 -45.92564
vt 13.39013 228.12241
vt 13.50124 224.87241
vt 13.39013 224.87241
vt 13.50124 228.12241
vt 13.43066 316.62109
vt 13.50008 316.61929
vt 13.43064 316.61929
vt 13.5001 316.62119
vt 37.23852 -120.5103
vt 37.19034 -120.5103
vt 37.19033 -119.8853
vt 13.39013 239.8783
vt 13.50124 236.5658
vt 13.39013 236.5658
vt 13.50124 239.8783
vt 13.43154 282.02829
vt 13.501 281.34259
vt 13.43156 281.34259
vt 13.50098 282.02829
vt 36.96789 -119.8862
vt 33.87662 -120.5112
vt 33.87662 -119.8862
vt 33.92073 -120.5112
vt 36.96789 -120.5112
vt 13.39013 256.83441
vt 13.50124 253.8969
vt 13.39013 253.8969
vt 13.50124 256.83441
vt -13.50124 -241.92979
vt -13.4318 -241.9045
vt -13.4318 -241.92979
vt -13.4592 -241.9045
vt -13.50124 -241.9045
vt 13.39013 268.33231
vt 13.50124 265.64481
vt 13.39013 265.64481
vt 13.50124 268.33231
vt -13.4592 -305.78519
vt -13.4318 -305.51501
vt -13.4318 -305.78519
vt 13.39013 258.84229
vt 13.50124 257.09229
vt 13.39013 257.09229
vt 13.50124 258.84229
vt 13.39013 204.02811
vt 13.50124 202.15311
vt 13.39013 202.15311
vt 13.50124 204.02811
vt 13.50124 92.75097
vt 13.39013 91.18847
vt 13.39013 92.75097
vt 13.50124 91.18847
vt 13.50124 -11.17399
vt 13.39013 -12.92399
vt 13.39013 -11.17399
vt 13.50124 -12.92399
vt 13.50124 -65.62005
vt 13.39013 -70.62005
vt 13.39013 -65.62005
vt 13.50124 -70.62005
vt -33.68374 -120.5112
vt -30.77939 -119.5112
vt -30.77939 -120.5112
vt -33.79913 -119.5112
vt -33.92073 -120.5112
vt -34.05717 -119.5112
vt -34.05717 -120.5112
vt -36.19117 -120.8237
vt -34.63562 -120.3237
vt -36.19117 -120.3237
vt -34.49673 -120.3237
vt -34.49673 -120.8237
vt -36.33006 -120.8237
vt -36.33006 -120.3237
vt -13.53597 247.731
vt -13.48041 247.4185
vt -13.53597 247.4185
vt -13.48041 247.731
vt 13.53597 -238.83141
vt 13.48041 -239.4536
vt 13.48041 -238.83141
vt 13.53597 -239.4536
vt -13.53597 -34.40823
vt -13.48041 -32.30778
vt -13.48041 -34.40823
vt -13.53597 -32.30778
vt 13.53597 -32.61257
vt 13.48041 -34.55007
vt 13.48041 -32.61257
vt 13.53597 -34.55007
vt 34.61302 -120.3237
vt 34.46719 -120.8237
vt 34.46719 -120.3237
vt 34.61302 -120.8237
vt 36.37549 -120.3237
vt 36.21576 -120.8237
vt 36.21576 -120.3237
vt 36.37549 -120.8237
vt 13.48041 253.2655
vt 13.53597 252.8905
vt 13.48041 252.8905
vt 13.53597 253.1254
vt 13.53597 253.2655
vt -13.53597 -240.06889
vt -13.48041 -239.63139
vt -13.48041 -240.06889
vt -13.53597 -239.63139
vt 36.18381 -120.3237
vt 34.64908 -120.8237
vt 34.64908 -120.3237
vt 34.64908 -122.2612
vt 36.18381 -122.2612
vt 13.53597 -22.5
vt 13.50124 -25.625
vt 13.50124 -22.5
vt 13.53597 -25.625
vt 33.99192 -120.5112
vt 33.81831 -120.8237
vt 33.81831 -120.5112
vt 33.99192 -120.8237
vt 13.53597 -19.5625
vt 13.50124 -19.5625
vt -33.99192 -120.8237
vt -33.8322 -120.5112
vt -33.8322 -120.8237
vt -33.99192 -120.5112
vt 13.53597 -16.75
vt 13.50124 -16.75
vt 33.8322 -120.8237
vt 33.8322 -120.5112
vt 13.53597 -13.9375
vt 13.50124 -13.9375
vt -33.83914 -120.5112
vt -33.83914 -120.8237
vt 13.53597 -10.9375
vt 13.50124 -10.9375
vt 33.83914 -120.8237
vt 33.83914 -120.5112
vt 13.53597 -8.125
vt 13.50124 -8.125
vt 13.53597 -5.0625
vt 13.50124 -5.0625
vt 13.53597 -2.1875
vt 13.50124 -2.1875
vt -33.85303 -120.5112
vt -33.85303 -120.8237
vt 13.53597 -0.4375
vt 13.50124 -0.4375
vt 33.85303 -120.8237
vt 33.85303 -120.5112
vt 13.53597 1
vt 13.50124 1
vt 13.53597 -27.15906
vt 13.50124 -29.22156
vt 13.50124 -27.15906
vt 13.53597 -29.22156
vt 13.53597 -83.35379
vt 13.50124 -84.91629
vt 13.50124 -83.35379
vt 13.53597 -84.91629
vt -30.54628 -120.5112
vt -25.08879 -119.5112
vt -25.08879 -120.5112
vt -30.54628 -119.5112
vt -13.50124 -70.61149
vt -13.39013 -65.73649
vt -13.39013 -70.61149
vt -13.50124 -65.73649
vt 13.50124 -65.11352
vt 13.39013 -70.61352
vt 13.39013 -65.11352
vt 13.50124 -70.61352
vt -13.50124 -103.1658
vt -13.39013 -101.6033
vt -13.39013 -103.1658
vt -13.50124 -101.6033
vt 13.50124 -2.92174
vt 13.39013 -4.48424
vt 13.39013 -2.92174
vt 13.50124 -4.48424
vt -13.50124 -186.48621
vt -13.39013 -185.17371
vt -13.39013 -186.48621
vt -13.50124 -185.17371
vt 13.50124 64.38895
vt 13.39013 63.38895
vt 13.39013 64.38895
vt 13.50124 63.38895
vt -13.39013 -244.5054
vt -13.50124 -243.1304
vt -13.39013 -243.1304
vt -13.50124 -244.5054
vt 13.39013 148.2536
vt 13.50124 146.8786
vt 13.39013 146.8786
vt 13.50124 148.2536
vt -13.39013 -274.73019
vt -13.50124 -273.16769
vt -13.39013 -273.16769
vt -13.50124 -274.73019
vt 13.39013 203.3748
vt 13.50124 201.1873
vt 13.39013 201.1873
vt 13.50124 203.3748
vt -13.39013 -277.71899
vt -13.50124 -271.78149
vt -13.39013 -271.78149
vt -13.50124 -277.71899
vt 13.39013 215.99921
vt 13.50124 212.12421
vt 13.39013 212.12421
vt 13.50124 215.99921
vt -13.39013 -269.00421
vt -13.50124 -265.31671
vt -13.39013 -265.31671
vt -13.50124 -269.00421
vt 13.39013 208.8873
vt 13.50124 205.7623
vt 13.39013 205.7623
vt 13.50124 208.8873
vt -13.39013 -256.78629
vt -13.50124 -252.7238
vt -13.39013 -252.7238
vt -13.50124 -256.78629
vt 13.39013 195.8916
vt 13.50124 191.9541
vt 13.39013 191.9541
vt 13.50124 195.8916
vt -13.39013 -243.7263
vt -13.50124 -239.4138
vt -13.39013 -239.4138
vt -13.50124 -243.7263
vt 13.39013 174.558
vt 13.50124 171.2455
vt 13.39013 171.2455
vt 13.50124 174.558
vt -13.39013 -223.4118
vt -13.50124 -219.3493
vt -13.39013 -219.3493
vt -13.50124 -223.4118
vt 13.39013 159.097
vt 13.50124 153.847
vt 13.39013 153.847
vt 13.50124 159.097
vt -13.50124 -197.07851
vt -13.39013 -194.70351
vt -13.39013 -197.07851
vt -13.50124 -194.70351
vt 13.50124 121.5006
vt 13.39013 117.3756
vt 13.39013 121.5006
vt 13.50124 117.3756
vt 27.87933 -119.5112
vt 27.75433 -120.5112
vt 27.75433 -119.5112
vt 27.87933 -120.5112
vt -24.8595 -120.5112
vt -24.8595 -119.5112
vt -13.50124 -70.56093
vt -13.39013 -65.56093
vt -13.39013 -70.56093
vt -13.50124 -65.56093
vt -13.50124 -107.2318
vt -13.39013 -105.4193
vt -13.39013 -107.2318
vt -13.50124 -105.4193
vt -13.50124 -187.09891
vt -13.39013 -185.16141
vt -13.39013 -187.09891
vt -13.50124 -185.16141
vt -13.39013 -226.88091
vt -13.50124 -224.31841
vt -13.39013 -224.31841
vt -13.50124 -226.88091
vt -13.39013 -226.8688
vt -13.50124 -223.1813
vt -13.39013 -223.1813
vt -13.50124 -226.8688
vt -13.39013 -223.12309
vt -13.50124 -219.37309
vt -13.39013 -219.37309
vt -13.50124 -223.12309
vt -13.39013 -215.5146
vt -13.50124 -210.3896
vt -13.39013 -210.3896
vt -13.50124 -215.5146
vt -13.39013 -201.92641
vt -13.50124 -197.23891
vt -13.39013 -197.23891
vt -13.50124 -201.92641
vt -13.50124 -182.0677
vt -13.39013 -177.5677
vt -13.39013 -182.0677
vt -13.50124 -177.5677
vt -13.50124 -159.7095
vt -13.39013 -156.7095
vt -13.39013 -159.7095
vt -13.50124 -156.7095
vt 22.16142 -119.5112
vt 21.73781 -120.5112
vt 21.73781 -119.5112
vt 22.16142 -120.5112
vt -13.50124 -77.99505
vt -13.39013 -72.99505
vt -13.39013 -77.99505
vt -13.50124 -72.99505
vt 33.68911 -119.5112
vt 33.66134 -120.5112
vt 33.66134 -119.5112
vt 33.68911 -120.5112
vt -13.39013 -302.23611
vt -13.50124 -196.7361
vt -13.39013 -196.7361
vt -13.50124 -203.2534
vt -13.50124 -245.1665
vt -13.77208 -203.2534
vt -13.50124 -254.1422
vt -13.50124 -295.8623
vt -13.75819 -295.8623
vt -13.50124 -302.23611
vt -13.75819 -254.1422
vt -13.77208 -245.1665
vt 13.50124 -72.58674
vt 13.39013 -77.39924
vt 13.39013 -72.58674
vt 13.50124 -77.39924
vt 34.05717 -119.5112
vt 33.93911 -120.5112
vt 33.93911 -119.5112
vt 34.05717 -120.5112
vt 13.50124 -72.99505
vt 13.39013 -77.99505
vt 13.39013 -72.99505
vt 13.50124 -77.99505
usemtl mat4
f 1887/1468/182 1888/1469/182 1889/1470/182
f 1888/1469/182 1887/1468/182 1890/1471/182
f 1891/1472/183 1892/1473/183 1893/1474/183
f 1892/1473/183 1891/1472/183 1894/1475/183
f 1895/1476/184 1896/1477/184 1897/1478/184
f 1896/1477/184 1895/1476/184 1898/1479/184
f 1899/1474/183 1900/1480/183 1901/1481/183
f 1900/1480/183 1899/1474/183 1902/1473/183
f 1903/1482/185 1904/1483/185 1905/1484/185
f 1904/1483/185 1903/1482/185 1906/1485/185
f 1907/1481/183 1908/1486/183 1909/1487/183
f 1908/1486/183 1907/1481/183 1910/1480/183
f 1911/1485/185 1912/1488/185 1913/1483/185
f 1912/1488/185 1911/1485/185 1914/1489/185
f 1915/1490/186 1916/1491/186 1917/1492/186
f 1916/1491/186 1915/1490/186 1918/1493/186
f 1916/1491/186 1918/1493/186 1919/1494/186
f 1919/1494/186 1920/1495/186 1916/1491/186
f 1921/1496/187 1922/1497/187 1923/1498/187
f 1922/1497/187 1921/1496/187 1924/1499/187
f 1925/1500/188 1926/1501/188 1927/1502/188
f 1926/1501/188 1925/1500/188 1928/1503/188
f 1929/1504/189 1930/1505/189 1931/1506/189
f 1930/1505/189 1929/1504/189 1932/1507/189
f 1932/1507/189 1929/1504/189 1933/1508/189
f 1932/1507/189 1933/1508/189 1934/1509/189
f 1932/1507/189 1934/1509/189 1935/1510/189
f 1936/1511/190 1937/1512/190 1938/1513/190
f 1937/1512/190 1936/1511/190 1939/1514/190
f 1940/1515/191 1941/1516/191 1942/1517/191
f 1941/1516/191 1940/1515/191 1943/1518/191
f 1944/1513/190 1945/1519/190 1946/1520/190
f 1945/1519/190 1944/1513/190 1947/1512/190
f 1948/1521/192 1949/1522/192 1950/1523/192
f 1949/1522/192 1948/1521/192 1951/1524/192
f 1952/1520/190 1953/1525/190 1954/1526/190
f 1953/1525/190 1952/1520/190 1955/1519/190
f 1956/1515/191 1957/1527/191 1958/1517/191
f 1957/1527/191 1956/1515/191 1959/1528/191
f 1960/1526/190 1961/1529/190 1962/1530/190
f 1961/1529/190 1960/1526/190 1963/1525/190
f 1964/1521/192 1965/1522/192 1966/1523/192
f 1965/1522/192 1964/1521/192 1967/1524/192
f 1968/1530/190 1969/1531/190 1970/1532/190
f 1969/1531/190 1968/1530/190 1971/1529/190
f 1972/1515/191 1973/1527/191 1974/1517/191
f 1973/1527/191 1972/1515/191 1975/1528/191
f 1976/1532/190 1977/1533/190 1978/1534/190
f 1977/1533/190 1976/1532/190 1979/1531/190
f 1980/1521/192 1981/1522/192 1982/1523/192
f 1981/1522/192 1980/1521/192 1983/1524/192
f 1984/1534/190 1985/1535/190 1986/1536/190
f 1985/1535/190 1984/1534/190 1987/1533/190
f 1988/1515/191 1989/1527/191 1990/1517/191
f 1989/1527/191 1988/1515/191 1991/1528/191
f 1992/1536/190 1993/1537/190 1994/1538/190
f 1993/1537/190 1992/1536/190 1995/1535/190
f 1996/1521/192 1997/1522/192 1998/1523/192
f 1997/1522/192 1996/1521/192 1999/1524/192
f 2000/1538/190 2001/1539/190 2002/1540/190
f 2001/1539/190 2000/1538/190 2003/1537/190
f 2004/1541/191 2005/1527/191 2006/1542/191
f 2005/1527/191 2004/1541/191 2007/1528/191
f 2008/1540/190 2009/1543/190 2010/1544/190
f 2009/1543/190 2008/1540/190 2011/1539/190
f 2012/1521/192 2013/1545/192 2014/1523/192
f 2013/1545/192 2012/1521/192 2015/1546/192
f 2016/1544/190 2017/1547/190 2018/1548/190
f 2017/1547/190 2016/1544/190 2019/1543/190
f 2020/1541/191 2021/1527/191 2022/1542/191
f 2021/1527/191 2020/1541/191 2023/1528/191
f 2024/1548/190 2025/1549/190 2026/1550/190
f 2025/1549/190 2024/1548/190 2027/1547/190
f 2028/1521/192 2029/1545/192 2030/1523/192
f 2029/1545/192 2028/1521/192 2031/1546/192
f 2032/1550/190 2033/1551/190 2034/1552/190
f 2033/1551/190 2032/1550/190 2035/1549/190
f 2036/1541/191 2037/1527/191 2038/1542/191
f 2037/1527/191 2036/1541/191 2039/1528/191
f 2040/1552/190 2041/1553/190 2042/1554/190
f 2041/1553/190 2040/1552/190 2043/1551/190
f 2044/1521/192 2045/1545/192 2046/1523/192
f 2045/1545/192 2044/1521/192 2047/1546/192
f 2048/1554/190 2049/1555/190 2050/1556/190
f 2049/1555/190 2048/1554/190 2051/1553/190
f 2052/1541/191 2053/1527/191 2054/1542/191
f 2053/1527/191 2052/1541/191 2055/1528/191
f 2056/1556/190 2057/1557/190 2058/1558/190
f 2057/1557/190 2056/1556/190 2059/1555/190
f 2060/1521/192 2061/1545/192 2062/1523/192
f 2061/1545/192 2060/1521/192 2063/1546/192
f 2064/1558/190 2065/1559/190 2066/1560/190
f 2065/1559/190 2064/1558/190 2067/1557/190
f 2068/1541/191 2069/1527/191 2070/1542/191
f 2069/1527/191 2068/1541/191 2071/1528/191
f 2072/1560/190 2073/1561/190 2074/1562/190
f 2073/1561/190 2072/1560/190 2075/1559/190
f 2076/1521/192 2077/1545/192 2078/1523/192
f 2077/1545/192 2076/1521/192 2079/1546/192
f 2080/1562/190 2081/1563/190 2082/1564/190
f 2081/1563/190 2080/1562/190 2083/1561/190
f 2084/1541/191 2085/1527/191 2086/1542/191
f 2085/1527/191 2084/1541/191 2087/1528/191
f 2088/1564/190 2089/1565/190 2090/1566/190
f 2089/1565/190 2088/1564/190 2091/1563/190
f 2092/1567/193 2093/1568/193 2094/1569/193
f 2093/1568/193 2092/1567/193 2095/1570/193
f 2096/1571/190 2097/1572/190 2098/1573/190
f 2097/1572/190 2096/1571/190 2099/1574/190
f 2100/1541/191 2101/1575/191 2102/1542/191
f 2101/1575/191 2100/1541/191 2103/1576/191
f 2104/1573/190 2105/1577/190 2106/1578/190
f 2105/1577/190 2104/1573/190 2107/1572/190
f 2108/1579/194 2109/1580/194 2110/1581/194
f 2109/1580/194 2108/1579/194 2111/1582/194
f 2112/1583/190 2113/1584/190 2114/1585/190
f 2113/1584/190 2112/1583/190 2115/1586/190
f 2116/1541/191 2117/1587/191 2118/1542/191
f 2117/1587/191 2116/1541/191 2119/1588/191
f 2120/1585/190 2121/1589/190 2122/1590/190
f 2121/1589/190 2120/1585/190 2123/1584/190
f 2124/1591/195 2125/1592/195 2126/1593/195
f 2125/1592/195 2124/1591/195 2127/1594/195
f 2128/1595/196 2129/1596/196 2130/1597/196
f 2129/1596/196 2128/1595/196 2131/1598/196
f 2131/1598/196 2128/1595/196 2132/1599/196
f 2133/1600/197 2134/1601/197 2135/1602/197
f 2134/1601/197 2133/1600/197 2136/1603/197
f 2134/1601/197 2136/1603/197 2137/1604/197
f 2138/1605/185 2139/1606/185 2140/1607/185
f 2139/1606/185 2138/1605/185 2141/1608/185
f 2142/1609/198 2143/1610/198 2144/1611/198
f 2143/1610/198 2142/1609/198 2145/1612/198
f 2146/1613/199 2147/1614/199 2148/1615/199
f 2147/1614/199 2146/1613/199 2149/1616/199
f 2149/1616/199 2146/1613/199 2150/1617/199
f 2149/1616/199 2150/1617/199 2151/1618/199
f 2150/1617/199 2146/1613/199 2152/1619/199
f 2151/1618/199 2153/1620/199 2149/1616/199
f 2154/1621/184 2155/1622/184 2156/1623/184
f 2155/1622/184 2154/1621/184 2157/1624/184
f 2158/1625/200 2159/1626/200 2160/1627/200
f 2159/1626/200 2158/1625/200 2161/1628/200
f 2162/1629/200 2163/1630/200 2164/1631/200
f 2163/1630/200 2162/1629/200 2165/1632/200
f 2166/1633/201 2167/1634/201 2168/1635/201
f 2167/1634/201 2166/1633/201 2169/1636/201
f 2170/1637/201 2171/1638/201 2172/1639/201
f 2171/1638/201 2170/1637/201 2173/1640/201
f 2174/1641/198 2175/1642/198 2176/1643/198
f 2175/1642/198 2174/1641/198 2177/1644/198
f 2178/1645/202 2179/1646/202 2180/1647/202
f 2179/1646/202 2178/1645/202 2181/1648/202
f 2182/1649/203 2183/1650/203 2184/1651/203
f 2183/1650/203 2182/1649/203 2185/1652/203
f 2186/1653/204 2187/1654/204 2188/1655/204
f 2187/1654/204 2186/1653/204 2189/1656/204
f 2190/1657/205 2191/1658/205 2192/1659/205
f 2191/1658/205 2190/1657/205 2193/1660/205
f 2194/1661/206 2195/1662/206 2196/1663/206
f 2195/1662/206 2194/1661/206 2197/1664/206
f 2198/1665/207 2199/1666/207 2200/1667/207
f 2199/1666/207 2198/1665/207 2201/1668/207
f 2202/1669/208 2203/1670/208 2204/1671/208
f 2203/1670/208 2202/1669/208 2205/1672/208
f 2206/1673/209 2207/1674/209 2208/1675/209
f 2207/1674/209 2206/1673/209 2209/1676/209
f 2210/1677/210 2211/1678/210 2212/1679/210
f 2211/1678/210 2210/1677/210 2213/1680/210
f 2214/1681/211 2215/1682/211 2216/1683/211
f 2215/1682/211 2214/1681/211 2217/1684/211
f 2218/1685/212 2219/1686/212 2220/1687/212
f 2219/1686/212 2218/1685/212 2221/1688/212
f 2222/1689/213 2223/1690/213 2224/1691/213
f 2223/1690/213 2222/1689/213 2225/1692/213
f 2226/1693/214 2227/1694/214 2228/1695/214
f 2227/1694/214 2226/1693/214 2229/1696/214
f 2230/1697/215 2231/1698/215 2232/1699/215
f 2231/1698/215 2230/1697/215 2233/1700/215
f 2234/1701/216 2235/1702/216 2236/1703/216
f 2235/1702/216 2234/1701/216 2237/1704/216
f 2238/1705/217 2239/1706/217 2240/1707/217
f 2239/1706/217 2238/1705/217 2241/1708/217
f 2242/1709/218 2243/1710/218 2244/1711/218
f 2243/1710/218 2242/1709/218 2245/1712/218
f 2246/1713/219 2247/1714/219 2248/1715/219
f 2247/1714/219 2246/1713/219 2249/1716/219
f 2250/1717/220 2251/1718/220 2252/1719/220
f 2251/1718/220 2250/1717/220 2253/1720/220
f 2254/1721/221 2255/1722/221 2256/1723/221
f 2255/1722/221 2254/1721/221 2257/1724/221
f 2258/1725/221 2257/1724/221 2254/1721/221
f 2257/1724/221 2258/1725/221 2259/1726/221
f 2260/1727/222 2261/1728/222 2262/1729/222
f 2261/1728/222 2260/1727/222 2263/1730/222
f 2264/1731/223 2265/1732/223 2266/1733/223
f 2265/1732/223 2264/1731/223 2267/1734/223
f 2268/1735/224 2269/1736/224 2270/1737/224
f 2269/1736/224 2268/1735/224 2271/1738/224
f 2272/1739/225 2273/1740/225 2274/1741/225
f 2273/1740/225 2272/1739/225 2275/1742/225
f 2276/1743/226 2277/1744/226 2278/1745/226
f 2277/1744/226 2276/1743/226 2279/1746/226
f 2280/1747/227 2281/1748/227 2282/1749/227
f 2281/1748/227 2280/1747/227 2283/1750/227
f 2284/1751/228 2285/1752/228 2286/1753/228
f 2285/1752/228 2284/1751/228 2287/1754/228
f 2288/1755/229 2289/1756/229 2290/1757/229
f 2289/1756/229 2288/1755/229 2291/1758/229
f 2292/1759/230 2293/1760/230 2294/1761/230
f 2293/1760/230 2292/1759/230 2295/1762/230
f 2296/1763/231 2297/1764/231 2298/1765/231
f 2297/1764/231 2296/1763/231 2299/1766/231
f 2300/1767/231 2299/1766/231 2296/1763/231
f 2299/1766/231 2300/1767/231 2301/1768/231
f 2302/1769/232 2303/1770/232 2304/1771/232
f 2303/1770/232 2302/1769/232 2305/1772/232
f 2306/1773/233 2307/1774/233 2308/1775/233
f 2307/1774/233 2306/1773/233 2309/1776/233
f 2310/1777/234 2311/1778/234 2312/1779/234
f 2311/1778/234 2310/1777/234 2313/1780/234
f 2313/1780/234 2314/1781/234 2311/1778/234
f 2314/1781/234 2313/1780/234 2315/1782/234
f 2316/1783/235 2317/1784/235 2318/1785/235
f 2317/1784/235 2316/1783/235 2319/1786/235
f 2320/1787/236 2321/1788/236 2322/1789/236
f 2321/1788/236 2320/1787/236 2323/1790/236
f 2324/1791/237 2325/1792/237 2326/1793/237
f 2325/1792/237 2324/1791/237 2327/1794/237
f 2328/1795/238 2329/1796/238 2330/1797/238
f 2329/1796/238 2328/1795/238 2331/1798/238
f 2332/1799/239 2333/1800/239 2334/1801/239
f 2333/1800/239 2332/1799/239 2335/1802/239
f 2336/1803/240 2337/1804/240 2338/1805/240
f 2337/1804/240 2336/1803/240 2339/1806/240
f 2340/1807/241 2341/1808/241 2342/1809/241
f 2341/1808/241 2340/1807/241 2343/1810/241
f 2344/1811/242 2345/1812/242 2346/1813/242
f 2345/1812/242 2344/1811/242 2347/1814/242
f 2348/1815/243 2349/1816/243 2350/1817/243
f 2349/1816/243 2348/1815/243 2351/1818/243
f 2352/1819/244 2353/1820/244 2354/1821/244
f 2353/1820/244 2352/1819/244 2355/1822/244
f 2356/1823/245 2357/1824/245 2358/1825/245
f 2357/1824/245 2356/1823/245 2359/1826/245
f 2360/1827/246 2361/1828/246 2362/1829/246
f 2361/1828/246 2360/1827/246 2363/1830/246
f 2364/1831/198 2365/1832/198 2366/1833/198
f 2365/1832/198 2364/1831/198 2367/1834/198
f 2368/1835/247 2369/1836/247 2370/1837/247
f 2369/1836/247 2368/1835/247 2371/1838/247
f 2371/1838/247 2368/1835/247 2372/1839/247
f 2373/1840/184 2374/1841/184 2375/1842/184
f 2374/1841/184 2373/1840/184 2376/1843/184
f 2371/1838/247 2377/1844/247 2369/1836/247
f 2378/1845/184 2379/1846/184 2380/1847/184
f 2379/1846/184 2378/1845/184 2381/1848/184
f 2381/1848/184 2378/1845/184 2382/1849/184
f 2383/1850/183 2384/1851/183 2385/1852/183
f 2386/1853/248 2387/1854/248 2388/1855/248
f 2389/1856/198 2390/1857/198 2391/1858/198
f 2390/1857/198 2389/1856/198 2392/1859/198
f 2392/1859/198 2389/1856/198 2393/1860/198
f 2392/1859/198 2393/1860/198 2394/1861/198
f 2383/1850/183 2395/1862/183 2396/1863/183
f 2395/1862/183 2383/1850/183 2385/1852/183
f 2397/1864/249 2398/1865/249 2399/1866/249
f 2400/1867/250 2401/1868/250 2394/1861/250
f 2401/1868/250 2400/1867/250 2402/1869/250
f 2403/1870/251 2404/1871/251 2405/1872/251
f 2404/1871/251 2403/1870/251 2406/1873/251
f 2407/1874/252 2408/1875/252 2409/1876/252
f 2408/1875/252 2407/1874/252 2410/1877/252
f 2411/1878/253 2412/1879/253 2413/1880/253
f 2412/1879/253 2411/1878/253 2414/1881/253
f 2415/1882/254 2416/1883/254 2417/1884/254
f 2416/1883/254 2415/1882/254 2418/1885/254
f 2419/1886/255 2420/1887/255 2421/1888/255
f 2420/1887/255 2419/1886/255 2422/1889/255
f 2423/1890/250 2424/1891/250 2425/1892/250
f 2424/1891/250 2423/1890/250 2426/1893/250
f 2426/1893/250 2423/1890/250 2427/1894/250
f 2428/1895/256 2429/1896/256 2430/1897/256
f 2429/1896/256 2428/1895/256 2431/1898/256
f 2432/1899/257 2433/1900/257 2434/1901/257
f 2435/1902/258 2436/1903/258 2437/1904/258
f 2436/1903/258 2435/1902/258 2438/1905/258
f 2439/1906/259 2440/1907/259 2441/1908/259
f 2440/1907/259 2439/1906/259 2442/1909/259
f 2443/1910/260 2444/1911/260 2445/1912/260
f 2444/1911/260 2443/1910/260 2446/1913/260
f 2447/1914/261 2448/1915/261 2449/1916/261
f 2448/1915/261 2447/1914/261 2450/1917/261
f 2451/1918/262 2452/1919/262 2453/1920/262
f 2452/1919/262 2451/1918/262 2454/1921/262
f 2455/1922/263 2456/1923/263 2457/1924/263
f 2458/1925/264 2459/1926/264 2460/1927/264
f 2459/1926/264 2458/1925/264 2461/1928/264
f 2462/1929/265 2463/1930/265 2464/1931/265
f 2463/1930/265 2462/1929/265 2465/1932/265
f 2466/1933/183 2467/1934/183 2468/1935/183
f 2467/1934/183 2466/1933/183 2469/1936/183
f 2469/1936/183 2466/1933/183 2470/1937/183
f 2471/1938/266 2472/1939/266 2473/1940/266
f 2472/1939/266 2471/1938/266 2474/1941/266
f 2475/1942/267 2476/1943/267 2477/1944/267
f 2476/1943/267 2475/1942/267 2478/1945/267
f 2478/1945/267 2475/1942/267 2479/1946/267
f 2480/1947/268 2481/1948/268 2482/1949/268
f 2481/1948/268 2480/1947/268 2483/1950/268
f 2484/1951/269 2485/1952/269 2486/1953/269
f 2487/1954/270 2488/1955/270 2489/1956/270
f 2488/1955/270 2487/1954/270 2490/1957/270
f 2491/1958/271 2492/1959/271 2493/1960/271
f 2492/1959/271 2491/1958/271 2494/1961/271
f 2495/1962/272 2496/1963/272 2497/1964/272
f 2496/1963/272 2495/1962/272 2498/1965/272
f 2499/1966/273 2500/1967/273 2501/1968/273
f 2500/1967/273 2499/1966/273 2502/1969/273
f 2503/1970/184 2504/1971/184 2505/1972/184
f 2504/1971/184 2503/1970/184 2506/1973/184
f 2507/1974/198 2508/1975/198 2509/1976/198
f 2508/1975/198 2507/1974/198 2510/1977/198
f 2511/1978/198 2510/1977/198 2507/1974/198
f 2511/1978/198 2512/1979/198 2510/1977/198
f 2512/1979/198 2511/1978/198 2513/1980/198
f 2514/1981/198 2515/1982/198 2516/1856/198
f 2515/1982/198 2514/1981/198 2517/1983/198
f 2516/1856/198 2518/1984/198 2519/1985/198
f 2518/1984/198 2516/1856/198 2515/1982/198
f 2520/1986/198 2517/1983/198 2514/1981/198
f 2517/1983/198 2520/1986/198 2521/1987/198
f 2522/1988/274 2523/1989/274 2524/1990/274
f 2523/1989/274 2522/1988/274 2525/1991/274
f 2526/1992/275 2527/1993/275 2528/1994/275
f 2527/1993/275 2526/1992/275 2529/1995/275
f 2530/1996/185 2531/1997/185 2532/1998/185
f 2531/1997/185 2530/1996/185 2533/1999/185
f 2534/2000/184 2535/2001/184 2536/2002/184
f 2535/2001/184 2534/2000/184 2537/2003/184
f 2538/2004/183 2539/2005/183 2540/2006/183
f 2539/2005/183 2538/2004/183 2541/2007/183
f 2542/2008/183 2543/2009/183 2544/2010/183
f 2543/2009/183 2542/2008/183 2545/2011/183
f 2546/2012/276 2547/2013/276 2548/2014/276
f 2547/2013/276 2546/2012/276 2549/2015/276
f 2549/2015/276 2546/2012/276 2550/2016/276
f 2551/2017/277 2552/2018/277 2553/2019/277
f 2552/2018/277 2551/2017/277 2554/2020/277
f 2555/2021/183 2556/2022/183 2557/2023/183
f 2556/2022/183 2555/2021/183 2558/2024/183
f 2558/2024/183 2555/2021/183 2559/2025/183
f 2560/2026/278 2561/2027/278 2562/2028/278
f 2561/2027/278 2560/2026/278 2563/2029/278
f 2564/2030/279 2565/2031/279 2566/2032/279
f 2565/2031/279 2564/2030/279 2567/2033/279
f 2568/2034/278 2569/2028/278 2570/2035/278
f 2569/2028/278 2568/2034/278 2571/2026/278
f 2572/2036/250 2573/2037/250 2574/2038/250
f 2573/2037/250 2572/2036/250 2575/2039/250
f 2576/2040/278 2577/2035/278 2578/2041/278
f 2577/2035/278 2576/2040/278 2579/2034/278
f 2580/2030/279 2581/2042/279 2582/2043/279
f 2581/2042/279 2580/2030/279 2583/2033/279
f 2584/2044/278 2585/2041/278 2586/2045/278
f 2585/2041/278 2584/2044/278 2587/2040/278
f 2588/2036/250 2589/2046/250 2590/2047/250
f 2589/2046/250 2588/2036/250 2591/2039/250
f 2592/2048/278 2593/2045/278 2594/2049/278
f 2593/2045/278 2592/2048/278 2595/2044/278
f 2596/2030/279 2597/2050/279 2598/2051/279
f 2597/2050/279 2596/2030/279 2599/2033/279
f 2600/2052/278 2601/2049/278 2602/2053/278
f 2601/2049/278 2600/2052/278 2603/2048/278
f 2604/2036/250 2605/2046/250 2606/2047/250
f 2605/2046/250 2604/2036/250 2607/2039/250
f 2608/2054/278 2609/2053/278 2610/2055/278
f 2609/2053/278 2608/2054/278 2611/2052/278
f 2612/2030/279 2613/2050/279 2614/2051/279
f 2613/2050/279 2612/2030/279 2615/2033/279
f 2616/2056/278 2617/2055/278 2618/2057/278
f 2617/2055/278 2616/2056/278 2619/2054/278
f 2620/2036/250 2621/2058/250 2622/2059/250
f 2621/2058/250 2620/2036/250 2623/2039/250
f 2624/2060/278 2625/2057/278 2626/2061/278
f 2625/2057/278 2624/2060/278 2627/2056/278
f 2628/2030/279 2629/2062/279 2630/2063/279
f 2629/2062/279 2628/2030/279 2631/2033/279
f 2632/2064/278 2633/2061/278 2634/2065/278
f 2633/2061/278 2632/2064/278 2635/2060/278
f 2636/2066/278 2637/2067/278 2638/2068/278
f 2637/2067/278 2636/2066/278 2639/2069/278
f 2640/2070/280 2641/2071/280 2642/2072/280
f 2641/2071/280 2640/2070/280 2643/2073/280
f 2644/2074/281 2645/2075/281 2646/2076/281
f 2645/2075/281 2644/2074/281 2647/2077/281
f 2648/2078/185 2649/2079/185 2650/2080/185
f 2649/2079/185 2648/2078/185 2651/2081/185
f 2652/2082/184 2653/2083/184 2654/2084/184
f 2653/2083/184 2652/2082/184 2655/2085/184
f 2656/2086/282 2657/2087/282 2658/2088/282
f 2657/2087/282 2656/2086/282 2659/2089/282
f 2660/2090/283 2661/2091/283 2662/2092/283
f 2661/2091/283 2660/2090/283 2663/2093/283
f 2664/2094/284 2665/2095/284 2666/2096/284
f 2665/2095/284 2664/2094/284 2667/2097/284
f 2668/2098/285 2669/2099/285 2670/2100/285
f 2669/2099/285 2668/2098/285 2671/2101/285
f 2672/2102/286 2673/2103/286 2674/2104/286
f 2673/2103/286 2672/2102/286 2675/2105/286
f 2676/2106/287 2677/2107/287 2678/2108/287
f 2677/2107/287 2676/2106/287 2679/2109/287
f 2680/2110/288 2681/2111/288 2682/2112/288
f 2681/2111/288 2680/2110/288 2683/2113/288
f 2684/2114/289 2685/2115/289 2686/2116/289
f 2685/2115/289 2684/2114/289 2687/2117/289
f 2688/2118/290 2689/2119/290 2690/2120/290
f 2689/2119/290 2688/2118/290 2691/2121/290
f 2692/2122/291 2693/2123/291 2694/2124/291
f 2693/2123/291 2692/2122/291 2695/2125/291
f 2696/2126/292 2697/2127/292 2698/2128/292
f 2697/2127/292 2696/2126/292 2699/2129/292
f 2700/2130/293 2701/2131/293 2702/2132/293
f 2701/2131/293 2700/2130/293 2703/2133/293
f 2704/2134/294 2705/2135/294 2706/2136/294
f 2705/2135/294 2704/2134/294 2707/2137/294
f 2708/2138/295 2709/2139/295 2710/2140/295
f 2709/2139/295 2708/2138/295 2711/2141/295
f 2712/2142/296 2713/2143/296 2714/2144/296
f 2713/2143/296 2712/2142/296 2715/2145/296
f 2716/2146/297 2717/2147/297 2718/2148/297
f 2717/2147/297 2716/2146/297 2719/2149/297
f 2720/2150/298 2721/2151/298 2722/2152/298
f 2721/2151/298 2720/2150/298 2723/2153/298
f 2724/2154/299 2725/2155/299 2726/2156/299
f 2725/2155/299 2724/2154/299 2727/2157/299
f 2728/2158/300 2729/2159/300 2730/2160/300
f 2729/2159/300 2728/2158/300 2731/2161/300
f 2732/2162/301 2733/2163/301 2734/2164/301
f 2733/2163/301 2732/2162/301 2735/2165/301
f 2736/2166/183 2737/2167/183 2738/2168/183
f 2737/2167/183 2736/2166/183 2739/2169/183
f 2740/2170/198 2741/1642/198 2742/1643/198
f 2741/1642/198 2740/2170/198 2743/2171/198
f 2744/2172/185 2745/2173/185 2746/2174/185
f 2745/2173/185 2744/2172/185 2747/2175/185
f 2748/2176/302 2749/2177/302 2750/2178/302
f 2749/2177/302 2748/2176/302 2751/2179/302
f 2752/2180/303 2753/2181/303 2754/2182/303
f 2753/2181/303 2752/2180/303 2755/2183/303
f 2756/2184/304 2757/2185/304 2758/2186/304
f 2757/2185/304 2756/2184/304 2759/2187/304
f 2760/2188/305 2761/2189/305 2762/2190/305
f 2761/2189/305 2760/2188/305 2763/2191/305
f 2764/2192/306 2765/2193/306 2766/2194/306
f 2765/2193/306 2764/2192/306 2767/2195/306
f 2768/2196/307 2769/2197/307 2770/2198/307
f 2769/2197/307 2768/2196/307 2771/2199/307
f 2772/2200/308 2773/2201/308 2774/2202/308
f 2773/2201/308 2772/2200/308 2775/2203/308
f 2776/2204/309 2777/2205/309 2778/2206/309
f 2777/2205/309 2776/2204/309 2779/2207/309
f 2780/2208/310 2781/2209/310 2782/2210/310
f 2781/2209/310 2780/2208/310 2783/2211/310
f 2784/2212/183 2785/2213/183 2786/2214/183
f 2785/2213/183 2784/2212/183 2787/2215/183
f 2788/2216/185 2789/2217/185 2790/2218/185
f 2789/2217/185 2788/2216/185 2791/2219/185
f 2792/2220/183 2793/2221/183 2794/2222/183
f 2793/2221/183 2792/2220/183 2795/2223/183
f 2796/2224/311 2797/2225/311 2798/2226/311
f 2797/2225/311 2796/2224/311 2799/2227/311
f 2799/2227/311 2796/2224/311 2800/2228/311
f 2799/2227/311 2800/2228/311 2801/2229/311
f 2800/2228/311 2796/2224/311 2802/2230/311
f 2802/2230/311 2796/2224/311 2803/2231/311
f 2802/2230/311 2803/2231/311 2804/2232/311
f 2803/2231/311 2796/2224/311 2805/2233/311
f 2804/2232/311 2806/2234/311 2802/2230/311
f 2807/2235/311 2801/2229/311 2800/2228/311
f 2808/2236/184 2809/2237/184 2810/2238/184
f 2809/2237/184 2808/2236/184 2811/2239/184
f 2812/2240/183 2813/2241/183 2814/2242/183
f 2813/2241/183 2812/2240/183 2815/2243/183
f 2816/2244/184 2817/2245/184 2818/2246/184
f 2817/2245/184 2816/2244/184 2819/2247/184
# Vertices: 933, normals: 130, texture coordinates: 780, faces: 486

o obj15
v 339.89028931 8.5E-06 -248.19869146
v 339.89028931 16.75574619 -220.51499127
v 339.89028931 7.55E-06 -220.51499184
v 339.89028931 123.14080381 -220.51498763
v 339.89028931 141.31250271 -220.514987
v 339.89028931 141.31250366 -248.19868662
v 339.89028931 45.94965241 -121.82369421
v 339.89028931 49.47690066 -121.5111941
v 339.89028931 45.9496524 -121.51119422
v 339.89028931 4.85E-06 -141.71000186
v 339.89028931 4.17E-06 -121.82369578
v 339.89028931 140.19740228 -120.44869103
v 339.89028931 141.31250001 -141.70999703
v 339.89028931 141.31249929 -120.44869099
v 339.89028931 140.19740231 -121.51119099
vn 1 -0 0
vn 1 0 0
vt 8.93626 0.99943
vt 8.0434 0.89973
vt 8.0434 0.99943
vt 8.0434 0.26672
vt 8.0434 0.1586
vt 8.93626 0.1586
vt 4.15602 0.66898
vt 4.14407 0.6441
vt 4.14407 0.66898
vt 4.91637 0.9931
vt 4.15602 0.9931
vt 4.10344 0.00416
vt 4.91637 -0.00371
vt 4.10344 -0.00371
vt 4.14407 0.00416
usemtl mat5
f 2820/2248/312 2821/2249/312 2822/2250/312
f 2821/2249/312 2820/2248/312 2823/2251/312
f 2823/2251/312 2820/2248/312 2824/2252/312
f 2824/2252/312 2820/2248/312 2825/2253/312
f 2826/2254/313 2827/2255/313 2828/2256/313
f 2829/2257/313 2826/2254/313 2830/2258/313
f 2831/2259/313 2832/2260/313 2833/2261/313
f 2832/2260/313 2831/2259/313 2834/2262/313
f 2832/2260/313 2834/2262/313 2827/2255/313
f 2832/2260/313 2827/2255/313 2826/2254/313
f 2832/2260/313 2826/2254/313 2829/2257/313
# Vertices: 15, normals: 2, texture coordinates: 15, faces: 11

o obj16
v 198.07929993 141.31249932 -121.51119096
v 195.64030457 141.31250017 -146.15628594
v 195.64030457 141.31249932 -121.51119096
v 195.64030457 141.31250293 -226.90628317
v 195.64030457 141.31250366 -248.19868662
v 204.49769592 141.31250337 -239.85289223
v 211.43569946 141.31250366 -248.19868662
v 198.07929993 141.31249924 -119.19869103
v 204.49769592 141.31249979 -135.16539581
v 211.43569946 141.31250358 -245.8236867
v 300.01528931 141.31249924 -119.19869103
v 300.01528931 141.31249929 -120.44869099
v 331.81021118 141.31249979 -135.16539581
v 339.89028931 141.31249929 -120.44869099
v 331.81021118 141.31250337 -239.85289223
v 321.41870117 141.31250358 -245.8236867
v 321.41870117 141.31250366 -248.19868662
v 339.89028931 141.31250366 -248.19868662
v 339.89028931 141.31250001 -141.70999703
v 331.81021118 131.18750014 -135.16539616
v 204.49769592 131.18750372 -239.85289257
v 204.49769592 131.18750014 -135.16539616
v 331.81021118 131.18750372 -239.85289257
v 331.81021118 141.31250337 -239.85289223
v 204.49769592 131.18750372 -239.85289257
v 331.81021118 131.18750372 -239.85289257
v 204.49769592 141.31250337 -239.85289223
v 204.49769592 131.18750372 -239.85289257
v 204.49769592 141.31249979 -135.16539581
v 204.49769592 131.18750014 -135.16539616
v 204.49769592 141.31250337 -239.85289223
v 204.49769592 141.31249979 -135.16539581
v 331.81021118 131.18750014 -135.16539616
v 204.49769592 131.18750014 -135.16539616
v 331.81021118 141.31249979 -135.16539581
v 331.81021118 141.31250337 -239.85289223
v 331.81021118 131.18750014 -135.16539616
v 331.81021118 141.31249979 -135.16539581
v 331.81021118 131.18750372 -239.85289257
vn 0 0 1
vn -0 -1 -0
vn 1 0 0
vn -0 1 -0
vn -1 0 -0
vt 265.86911 -143.0498
vt 265.71909 -143.03909
vt 265.86871 -143.035
vt 265.2291 -143.05231
vt 265.09991 -143.0558
vt 265.15201 -143.1082
vt 265.10251 -143.1517
vt 265.88309 -143.04939
vt 265.78729 -143.091
vt 265.11691 -143.15131
vt 265.8999 -143.668
vt 265.8923 -143.6682
vt 265.8082 -143.8636
vt 265.8988 -143.9102
vt 265.17291 -143.8808
vt 265.13501 -143.8187
vt 265.12051 -143.81911
vt 265.1236 -143.9312
vt 265.76981 -143.9137
vt 265.7709 -143.86459
vt 265.8114 -143.0903
vt 265.83231 -143.8629
vt 265.75 -143.092
vt 265.8172 -143.3049
vt 265.73859 -142.6713
vt 265.79999 -142.6696
vt 265.7558 -143.30659
vt 265.6828 -140.61
vt 265.7233 -139.8358
vt 265.7442 -140.6084
vt 265.6618 -139.8374
vt 265.677 -140.39549
vt 265.75562 -141.0291
vt 265.69421 -141.03081
vt 265.7384 -140.3938
usemtl mat6
f 2835/2263/314 2836/2264/314 2837/2265/314
f 2836/2264/314 2835/2263/314 2838/2266/314
f 2838/2266/314 2835/2263/314 2839/2267/314
f 2839/2267/314 2835/2263/314 2840/2268/314
f 2839/2267/314 2840/2268/314 2841/2269/314
f 2840/2268/314 2835/2263/314 2842/2270/314
f 2840/2268/314 2842/2270/314 2843/2271/314
f 2841/2269/314 2840/2268/314 2844/2272/314
f 2845/2273/314 2843/2271/314 2842/2270/314
f 2843/2271/314 2845/2273/314 2846/2274/314
f 2846/2274/314 2847/2275/314 2843/2271/314
f 2847/2275/314 2846/2274/314 2848/2276/314
f 2847/2275/314 2848/2276/314 2849/2277/314
f 2849/2277/314 2844/2272/314 2840/2268/314
f 2844/2272/314 2849/2277/314 2850/2278/314
f 2850/2278/314 2849/2277/314 2851/2279/314
f 2851/2279/314 2849/2277/314 2852/2280/314
f 2852/2280/314 2849/2277/314 2853/2281/314
f 2853/2281/314 2849/2277/314 2848/2276/314
f 2854/2275/314 2855/2268/314 2856/2271/314
f 2855/2268/314 2854/2275/314 2857/2277/314
f 2858/2282/315 2859/2283/315 2860/2284/315
f 2859/2283/315 2858/2282/315 2861/2285/315
f 2862/2286/316 2863/2287/316 2864/2288/316
f 2863/2287/316 2862/2286/316 2865/2289/316
f 2866/2290/317 2867/2291/317 2868/2292/317
f 2867/2291/317 2866/2290/317 2869/2293/317
f 2870/2294/318 2871/2295/318 2872/2296/318
f 2871/2295/318 2870/2294/318 2873/2297/318
# Vertices: 39, normals: 5, texture coordinates: 35, faces: 29

o obj17
v 339.89028931 123.14080223 -174.41449482
v 339.89028931 141.31250001 -141.70999703
v 339.89028931 123.14080111 -141.70999765
v 339.89028931 141.31250271 -220.514987
v 339.89028931 123.14080268 -187.45018468
v 339.89028931 123.14080381 -220.51498763
v 339.89028931 7.55E-06 -220.51499184
v 339.89028931 16.75574349 -141.71000129
v 339.89028931 4.85E-06 -141.71000186
v 339.89028931 16.75574461 -174.41449846
v 339.89028931 16.75574505 -187.45018832
v 339.89028931 16.75574619 -220.51499127
vn 1 -0 0
vn 1 -0 0
vt 2.14563 -5.02175
vt 1.7433 -5.91037
vt 1.7433 -5.02175
vt 2.71276 -5.91037
vt 2.306 -5.02175
vt 2.71276 -5.02175
vt 2.71276 1
vt 1.7433 0.18062
vt 1.7433 1
vt 2.14563 0.18062
vt 2.306 0.18062
vt 2.71276 0.18062
usemtl mat13
f 2874/2298/319 2875/2299/319 2876/2300/319
f 2875/2299/319 2874/2298/319 2877/2301/319
f 2877/2301/319 2874/2298/319 2878/2302/319
f 2877/2301/319 2878/2302/319 2879/2303/319
f 2880/2304/320 2881/2305/320 2882/2306/320
f 2881/2305/320 2880/2304/320 2883/2307/320
f 2883/2307/320 2880/2304/320 2884/2308/320
f 2884/2308/320 2880/2304/320 2885/2309/320
# Vertices: 12, normals: 2, texture coordinates: 12, faces: 8

o obj18
v 197.70280457 126.10350228 -181.93838972
v 195.64030457 20.04296475 -181.93839336
v 197.70280457 20.04296475 -181.93839336
v 195.64030457 126.10350228 -181.93838972
v 195.64030457 126.10350271 -194.69018983
v 197.70280457 20.04296519 -194.69019346
v 195.64030457 20.04296519 -194.69019346
v 197.70280457 126.10350271 -194.69018983
vn 0 -1 0
vn -0 1 -0
vt 1.98917 -0.00785
vt 1.96368 0.99089
vt 1.98917 0.99089
vt 1.96368 -0.00785
vt -2.59161 -0.00459
vt -2.61711 0.99415
vt -2.59161 0.99415
vt -2.61711 -0.00459
usemtl mat17
f 2886/2310/321 2887/2311/321 2888/2312/321
f 2887/2311/321 2886/2310/321 2889/2313/321
f 2890/2314/322 2891/2315/322 2892/2316/322
f 2891/2315/322 2890/2314/322 2893/2317/322
# Vertices: 8, normals: 2, texture coordinates: 8, faces: 4

